transactionID,amount,timestamp,transactionType
T_EWAOUAXE,926.09,2025-01-01T09:00:00,DEBIT
T_QM5K8P4Q,1499.3,2025-01-01T09:05:00,DEBIT
T_2X18HAFE,1340.57,2025-01-01T09:14:00,TRANSFER
T_1GV0E38D,56.23,2025-01-01T09:17:00,CREDIT
T_OZCYWD14,1202.82,2025-01-01T09:20:00,CREDIT
T_TXCXAPRP,727.57,2025-01-01T09:28:00,CREDIT
T_08J3TRP0,540.45,2025-01-01T09:31:00,TRANSFER
T_IQVNB4GH,1596.68,2025-01-01T09:37:00,DEBIT
T_5USGIOTI,954.81,2025-01-01T09:43:00,DEBIT
T_KOIXNTM9,1103.03,2025-01-01T09:47:00,CREDIT
T_JEGET1GH,970.98,2025-01-01T09:54:00,CREDIT
T_3KMKZEBB,587.81,2025-01-01T09:56:00,CREDIT
T_DAKRM8J5,232.6,2025-01-01T10:00:00,DEBIT
T_WBFUK9E1,1214.6,2025-01-01T10:09:00,TRANSFER
T_QP49KWV0,1895.44,2025-01-01T10:11:00,CREDIT
T_CITFOYQB,579.77,2025-01-01T10:17:00,CREDIT
T_Y72WX7PT,1297.03,2025-01-01T10:22:00,TRANSFER
T_2V37PQKO,548.13,2025-01-01T10:29:00,DEBIT
T_BPLJD84U,1901.82,2025-01-01T10:32:00,CREDIT
T_GSPK9P38,942.67,2025-01-01T10:38:00,DEBIT
T_4LYK83TQ,632.46,2025-01-01T10:42:00,TRANSFER
T_S9XTOGN1,1252.69,2025-01-01T10:45:00,TRANSFER
T_7PZE9VIF,1103.92,2025-01-01T10:54:00,DEBIT
T_6QE3RZSJ,1670.27,2025-01-01T10:58:00,TRANSFER
T_N7S55J2O,1868.83,2025-01-01T11:04:00,DEBIT
T_04UX5QRL,1526.93,2025-01-01T11:08:00,DEBIT
T_GZUI1B0Z,1623.76,2025-01-01T11:13:00,CREDIT
T_9RBSV55P,1054.27,2025-01-01T11:18:00,TRANSFER
T_58C2JWOC,660.49,2025-01-01T11:24:00,DEBIT
T_5RTWIYKI,185.31,2025-01-01T11:25:00,CREDIT
T_PY6B2KNF,1064.68,2025-01-01T11:34:00,CREDIT
T_GVNYRUIW,921.84,2025-01-01T11:35:00,DEBIT
T_TC89K8YQ,607.73,2025-01-01T11:43:00,DEBIT
T_UU9K9XJU,1373.17,2025-01-01T11:45:00,CREDIT
T_6K2VMWWY,1443.25,2025-01-01T11:51:00,CREDIT
T_XLPU0DK0,355.4,2025-01-01T11:56:00,CREDIT
T_SJF678K5,1609.44,2025-01-01T12:03:00,TRANSFER
T_40982N2A,1075.46,2025-01-01T12:08:00,DEBIT
T_JNWNYQW7,659.37,2025-01-01T12:14:00,TRANSFER
T_36KOF8KR,198.9,2025-01-01T12:19:00,TRANSFER
T_Y08P0FOD,981.25,2025-01-01T12:23:00,DEBIT
T_HQIN9N6X,125.8,2025-01-01T12:27:00,TRANSFER
T_QXXVA2IE,1131.33,2025-01-01T12:30:00,CREDIT
T_3I12VJ99,1082.73,2025-01-01T12:36:00,TRANSFER
T_EM2VAJEP,231.73,2025-01-01T12:40:00,DEBIT
T_SDS8B25S,918.79,2025-01-01T12:45:00,TRANSFER
T_PDZP6LFE,1250.51,2025-01-01T12:54:00,CREDIT
T_9TQVDZ4X,1539.08,2025-01-01T12:56:00,DEBIT
T_O3O0LLJ8,1375.21,2025-01-01T13:03:00,TRANSFER
T_DD03UVUL,248.85,2025-01-01T13:07:00,CREDIT
T_6BKLDSFR,1695.31,2025-01-01T13:12:00,CREDIT
T_KIPU1WYU,1219.94,2025-01-01T13:17:00,TRANSFER
T_17MGFXC0,1943.76,2025-01-01T13:20:00,CREDIT
T_PMNZ1UDB,319.03,2025-01-01T13:29:00,TRANSFER
T_PPVOHSMD,1358.04,2025-01-01T13:34:00,DEBIT
T_BOVAKHEJ,659.6,2025-01-01T13:35:00,DEBIT
T_ETIUYMO0,875.26,2025-01-01T13:43:00,TRANSFER
T_POXKO8G8,922.89,2025-01-01T13:47:00,TRANSFER
T_IVSOLMLG,1023.41,2025-01-01T13:50:00,CREDIT
T_1M8XFDJG,309.98,2025-01-01T13:55:00,TRANSFER
T_QUUY5X9L,1942.09,2025-01-01T14:02:00,TRANSFER
T_PKJCSLQC,1664.23,2025-01-01T14:05:00,CREDIT
T_WSQT26Q3,1305.42,2025-01-01T14:12:00,CREDIT
T_8Q349DXB,1416.71,2025-01-01T14:18:00,CREDIT
T_N7N1YBWM,662.73,2025-01-01T14:24:00,CREDIT
T_0X65MUFM,1935.55,2025-01-01T14:28:00,TRANSFER
T_LN23Y30Y,1055.15,2025-01-01T14:33:00,CREDIT
T_L8M1G9FK,1577.3,2025-01-01T14:39:00,CREDIT
T_SX5WVFGY,1251.36,2025-01-01T14:41:00,CREDIT
T_NZ8V12II,1931.37,2025-01-01T14:48:00,TRANSFER
T_9QKNS832,281.11,2025-01-01T14:52:00,TRANSFER
T_N7ZSEDFQ,1029.14,2025-01-01T14:58:00,TRANSFER
T_QMABSI9N,61.23,2025-01-01T15:00:00,CREDIT
T_FB7R31QW,1812.19,2025-01-01T15:05:00,DEBIT
T_T0SEKKBP,1588.83,2025-01-01T15:13:00,TRANSFER
T_RTWUZKAM,1143.47,2025-01-01T15:16:00,CREDIT
T_9CSS9TOQ,1273.16,2025-01-01T15:22:00,DEBIT
T_2M0W10LB,1094.3,2025-01-01T15:26:00,CREDIT
T_W3C1QKBH,88.6,2025-01-01T15:32:00,CREDIT
T_RBXK5BXJ,1599.69,2025-01-01T15:38:00,DEBIT
T_8MGYN2JC,851.88,2025-01-01T15:43:00,CREDIT
T_KDLKQZFP,897.02,2025-01-01T15:47:00,CREDIT
T_98CWN2Y8,289.85,2025-01-01T15:54:00,CREDIT
T_EIXN8BFQ,745.07,2025-01-01T15:58:00,TRANSFER
T_NLK8AGS6,239.93,2025-01-01T16:02:00,CREDIT
T_K6RE4Q6Q,180.14,2025-01-01T16:07:00,CREDIT
T_TKKFZZGN,452.36,2025-01-01T16:11:00,TRANSFER
T_ATN2TWDL,1999.19,2025-01-01T16:18:00,CREDIT
T_3C9XQYM5,1561.62,2025-01-01T16:24:00,TRANSFER
T_S53SKF7I,1895.23,2025-01-01T16:29:00,DEBIT
T_H8JWWDXV,1163.39,2025-01-01T16:31:00,CREDIT
T_V4U3BBXU,1304.0,2025-01-01T16:39:00,DEBIT
T_RWK8R2YK,150.58,2025-01-01T16:40:00,TRANSFER
T_QMF5L9MO,1522.53,2025-01-01T16:49:00,CREDIT
T_QJIDKNWI,1731.29,2025-01-01T16:51:00,DEBIT
T_L1RSRLA8,1013.36,2025-01-01T16:56:00,TRANSFER
T_BR5XQT4P,1765.5,2025-01-01T17:02:00,DEBIT
T_BUNKNQT3,1248.37,2025-01-01T17:09:00,TRANSFER
T_N9UNFVOB,82.63,2025-01-01T17:12:00,DEBIT
T_VSLWF90K,676.07,2025-01-01T17:19:00,CREDIT
T_K3NY9V20,1377.65,2025-01-01T17:20:00,CREDIT
T_21UZVGWW,1683.13,2025-01-01T17:26:00,CREDIT
T_8DALFYO1,1841.44,2025-01-01T17:30:00,CREDIT
T_U9RN8QTT,1353.36,2025-01-01T17:37:00,CREDIT
T_KK791ZYR,962.21,2025-01-01T17:44:00,CREDIT
T_UT6OM1FB,1910.85,2025-01-01T17:45:00,DEBIT
T_JRHT7ZEW,1175.73,2025-01-01T17:51:00,TRANSFER
T_IIDLRYE8,1955.93,2025-01-01T17:56:00,DEBIT
T_5RH8LX6D,1150.4,2025-01-01T18:04:00,CREDIT
T_B7P47B42,376.69,2025-01-01T18:07:00,TRANSFER
T_V7MQXS6E,1010.9,2025-01-01T18:12:00,TRANSFER
T_FQJG02U1,355.11,2025-01-01T18:18:00,DEBIT
T_OD9R7ANQ,537.65,2025-01-01T18:22:00,DEBIT
T_AXYCELOS,1790.76,2025-01-01T18:27:00,CREDIT
T_7NH8RQ9N,1405.37,2025-01-01T18:33:00,CREDIT
T_HI15CQZC,1130.52,2025-01-01T18:35:00,CREDIT
T_UFLSEHUD,1023.2,2025-01-01T18:40:00,DEBIT
T_QCQ30O30,1158.73,2025-01-01T18:45:00,DEBIT
T_TC69QKGE,1284.84,2025-01-01T18:53:00,DEBIT
T_56NYXTXM,361.05,2025-01-01T18:59:00,DEBIT
T_9419QZPN,463.18,2025-01-01T19:03:00,DEBIT
T_70E3P15A,416.13,2025-01-01T19:05:00,CREDIT
T_Y5IBPT11,284.57,2025-01-01T19:12:00,TRANSFER
T_UU13I59S,830.05,2025-01-01T19:17:00,TRANSFER
T_0GYUBMXN,1051.3,2025-01-01T19:23:00,DEBIT
T_GTII4FQC,828.29,2025-01-01T19:28:00,CREDIT
T_IHX74D0G,540.58,2025-01-01T19:34:00,CREDIT
T_G10UR5L8,35.59,2025-01-01T19:36:00,CREDIT
T_RIVH6T1N,1069.63,2025-01-01T19:42:00,DEBIT
T_5Q201LHL,96.2,2025-01-01T19:46:00,CREDIT
T_TVZKHIUI,1103.53,2025-01-01T19:52:00,DEBIT
T_8XRG2GZR,1834.21,2025-01-01T19:59:00,CREDIT
T_4C3BAEWC,306.3,2025-01-01T20:01:00,CREDIT
T_WYWRRATA,1061.19,2025-01-01T20:07:00,CREDIT
T_3Y36DDFG,1055.28,2025-01-01T20:12:00,DEBIT
T_NOU9IY4X,1717.15,2025-01-01T20:15:00,TRANSFER
T_RWZC4XL9,1947.81,2025-01-01T20:24:00,TRANSFER
T_55RBC76U,70.64,2025-01-01T20:27:00,TRANSFER
T_1ZOCFI4O,1793.57,2025-01-01T20:32:00,DEBIT
T_2YC0MDIC,1212.31,2025-01-01T20:39:00,CREDIT
T_BJ9RM7PY,1323.04,2025-01-01T20:40:00,CREDIT
T_ZCFZW0LD,15.36,2025-01-01T20:47:00,DEBIT
T_DDPUSDDT,1195.86,2025-01-01T20:52:00,DEBIT
T_ND669UGN,281.99,2025-01-01T20:57:00,DEBIT
T_GJK2N7ZR,1235.25,2025-01-01T21:03:00,TRANSFER
T_8LW2LM34,1948.58,2025-01-01T21:06:00,DEBIT
T_HL88KZRU,488.64,2025-01-01T21:13:00,DEBIT
T_N7H9G1A0,1886.23,2025-01-01T21:16:00,DEBIT
T_Y32ORWIX,1431.9,2025-01-01T21:23:00,TRANSFER
T_UT75PB8Z,1625.53,2025-01-01T21:29:00,CREDIT
T_1XMXB9YO,1506.6,2025-01-01T21:33:00,TRANSFER
T_H0UYHNQY,1382.42,2025-01-01T21:36:00,DEBIT
T_K7D30MM2,1044.62,2025-01-01T21:42:00,DEBIT
T_ZLK3E4XY,332.89,2025-01-01T21:46:00,CREDIT
T_LPQ2WGXO,1476.09,2025-01-01T21:51:00,DEBIT
T_AHKZ2U2T,734.76,2025-01-01T21:56:00,DEBIT
T_5SXVWVM4,1236.64,2025-01-01T22:02:00,CREDIT
T_EEKGYSPE,770.5,2025-01-01T22:06:00,DEBIT
T_77GGKG4W,1731.72,2025-01-01T22:10:00,DEBIT
T_NUXORZPG,1132.97,2025-01-01T22:16:00,DEBIT
T_TGQ01TEE,1551.35,2025-01-01T22:22:00,CREDIT
T_1PHP0XI5,69.3,2025-01-01T22:27:00,DEBIT
T_P91I3VMZ,1267.38,2025-01-01T22:31:00,CREDIT
T_32UTVG9K,1147.61,2025-01-01T22:39:00,CREDIT
T_82795E5I,1424.23,2025-01-01T22:41:00,CREDIT
T_UJOQW5DS,560.06,2025-01-01T22:47:00,DEBIT
T_A100QXMC,1071.18,2025-01-01T22:51:00,DEBIT
T_J3MUURMY,101.58,2025-01-01T22:55:00,CREDIT
T_A7FQ9P96,1764.88,2025-01-01T23:02:00,TRANSFER
T_JXJN6FOK,1400.39,2025-01-01T23:06:00,DEBIT
T_DHCVSQAM,245.58,2025-01-01T23:13:00,CREDIT
T_ID3DNKN3,1749.62,2025-01-01T23:16:00,TRANSFER
T_VFMH07WP,438.4,2025-01-01T23:20:00,TRANSFER
T_0MP2IXIV,1443.75,2025-01-01T23:27:00,CREDIT
T_5HVGOX22,482.49,2025-01-01T23:33:00,TRANSFER
T_VT997E4U,734.0,2025-01-01T23:36:00,DEBIT
T_VAH78OKZ,1535.38,2025-01-01T23:43:00,CREDIT
T_TWJLSH3T,784.51,2025-01-01T23:45:00,DEBIT
T_8II7EWBX,1317.81,2025-01-01T23:51:00,TRANSFER
T_ZF8S2ZGE,1563.34,2025-01-01T23:57:00,CREDIT
T_6MPSJ9WR,1024.01,2025-01-02T00:00:00,DEBIT
T_NJDU0ISB,1726.54,2025-01-02T00:06:00,TRANSFER
T_7G8B2ZXI,500.29,2025-01-02T00:12:00,DEBIT
T_NS6G298C,932.86,2025-01-02T00:17:00,DEBIT
T_QNK20IN8,1995.59,2025-01-02T00:21:00,CREDIT
T_2F7ATWYA,673.36,2025-01-02T00:28:00,CREDIT
T_H9P89FKB,466.79,2025-01-02T00:34:00,DEBIT
T_Q0USWOVC,1326.58,2025-01-02T00:36:00,TRANSFER
T_L2Z0LJCH,1560.97,2025-01-02T00:44:00,TRANSFER
T_QLEM1QQ4,185.39,2025-01-02T00:47:00,CREDIT
T_H4FZ8OBK,1641.08,2025-01-02T00:51:00,TRANSFER
T_UTDD2EC2,448.46,2025-01-02T00:56:00,DEBIT
T_7DV7C9HX,1619.55,2025-01-02T01:00:00,DEBIT
T_B7P0RNPM,1817.07,2025-01-02T01:07:00,DEBIT
T_BWIKOTCK,278.79,2025-01-02T01:11:00,CREDIT
T_I9TANZR2,691.35,2025-01-02T01:19:00,CREDIT
T_GLH62C9T,1534.85,2025-01-02T01:21:00,TRANSFER
T_IT2018U9,779.9,2025-01-02T01:26:00,TRANSFER
T_3Z6BZ8UU,380.53,2025-01-02T01:33:00,CREDIT
T_BCVARLW3,684.81,2025-01-02T01:36:00,DEBIT
T_V71448N7,794.21,2025-01-02T01:40:00,DEBIT
T_90PXRLZU,1779.75,2025-01-02T01:49:00,DEBIT
T_3N0KGAZU,1702.26,2025-01-02T01:54:00,TRANSFER
T_78HU7F0I,1964.85,2025-01-02T01:56:00,CREDIT
T_ZX5QJICJ,220.53,2025-01-02T02:00:00,TRANSFER
T_PFO5MN32,1158.22,2025-01-02T02:06:00,TRANSFER
T_4KL8CGN0,1096.36,2025-01-02T02:10:00,DEBIT
T_RB7F6FDH,384.02,2025-01-02T02:19:00,CREDIT
T_JKIBU4FM,858.07,2025-01-02T02:22:00,CREDIT
T_HAGKC4LO,980.75,2025-01-02T02:27:00,TRANSFER
T_G5NQJQIJ,127.97,2025-01-02T02:30:00,TRANSFER
T_T8VT43PT,1734.45,2025-01-02T02:38:00,CREDIT
T_KO4BUSU9,299.16,2025-01-02T02:43:00,TRANSFER
T_GBCYH3FV,642.9,2025-01-02T02:45:00,TRANSFER
T_T4S7AZV2,229.48,2025-01-02T02:51:00,TRANSFER
T_177UDKTM,824.73,2025-01-02T02:58:00,CREDIT
T_RGOWYOO5,1382.57,2025-01-02T03:00:00,CREDIT
T_6A3KKRZD,1738.46,2025-01-02T03:06:00,DEBIT
T_3JPXGH30,1520.19,2025-01-02T03:12:00,TRANSFER
T_CZO2SUG5,405.45,2025-01-02T03:15:00,TRANSFER
T_7ZJ3SWEB,748.07,2025-01-02T03:24:00,DEBIT
T_VMF60YKN,330.0,2025-01-02T03:29:00,TRANSFER
T_IHXS58YR,268.97,2025-01-02T03:31:00,CREDIT
T_J2K8XPNM,507.74,2025-01-02T03:38:00,DEBIT
T_WVA984UV,568.94,2025-01-02T03:40:00,DEBIT
T_X5JZ6KF1,1799.88,2025-01-02T03:49:00,DEBIT
T_FARK6O0U,1989.53,2025-01-02T03:51:00,DEBIT
T_YWR7MKGX,1118.7,2025-01-02T03:57:00,TRANSFER
T_J31GYMDM,1489.7,2025-01-02T04:02:00,DEBIT
T_NVQEBWUW,947.08,2025-01-02T04:06:00,CREDIT
T_NKB4EHOU,1813.71,2025-01-02T04:13:00,TRANSFER
T_GCL9LCQH,1548.22,2025-01-02T04:19:00,TRANSFER
T_2EPPPRAT,1462.66,2025-01-02T04:20:00,DEBIT
T_GYWIYMEN,1179.4,2025-01-02T04:26:00,TRANSFER
T_8QSSPYE9,982.91,2025-01-02T04:31:00,TRANSFER
T_OI0E0VGN,1302.83,2025-01-02T04:35:00,DEBIT
T_1WVBD4BE,891.41,2025-01-02T04:40:00,CREDIT
T_FZWKXXJV,278.64,2025-01-02T04:45:00,CREDIT
T_K2RV239M,822.46,2025-01-02T04:51:00,TRANSFER
T_H7LAY64Y,302.54,2025-01-02T04:55:00,CREDIT
T_6XQ9JB35,1705.24,2025-01-02T05:02:00,CREDIT
T_E46AEXL6,1910.4,2025-01-02T05:07:00,CREDIT
T_MEOQ4YRP,1772.82,2025-01-02T05:11:00,TRANSFER
T_C7FOV2YG,762.6,2025-01-02T05:17:00,CREDIT
T_506RR5PC,1311.67,2025-01-02T05:20:00,CREDIT
T_1UU9YMSZ,195.01,2025-01-02T05:26:00,DEBIT
T_XF36WA7S,941.23,2025-01-02T05:33:00,TRANSFER
T_LLKSTN3C,891.16,2025-01-02T05:39:00,DEBIT
T_QERXDOUA,186.34,2025-01-02T05:44:00,CREDIT
T_SHY8NBIQ,1122.5,2025-01-02T05:49:00,CREDIT
T_NQDXAMW2,1097.64,2025-01-02T05:52:00,CREDIT
T_FFZZDVG7,788.83,2025-01-02T05:58:00,TRANSFER
T_1BWYE6QV,1010.87,2025-01-02T06:03:00,TRANSFER
T_TPV726YG,1631.41,2025-01-02T06:05:00,DEBIT
T_5SN961J8,1941.13,2025-01-02T06:13:00,TRANSFER
T_Z0KZ4Z7W,405.77,2025-01-02T06:19:00,CREDIT
T_7EZ9GTWZ,1522.75,2025-01-02T06:24:00,DEBIT
T_ZY6T5PAD,764.84,2025-01-02T06:25:00,CREDIT
T_1FKJ4YK1,69.45,2025-01-02T06:33:00,TRANSFER
T_050UI22K,1330.66,2025-01-02T06:38:00,DEBIT
T_LTAJW253,1823.42,2025-01-02T06:42:00,CREDIT
T_H0GQ9C80,243.11,2025-01-02T06:45:00,DEBIT
T_EVJLZFFL,106.46,2025-01-02T06:54:00,CREDIT
T_UM2LHGCS,834.78,2025-01-02T06:59:00,DEBIT
T_5XLK8WRU,1505.51,2025-01-02T07:00:00,TRANSFER
T_IX7IB5N2,231.18,2025-01-02T07:07:00,CREDIT
T_63N2QB6G,1030.22,2025-01-02T07:10:00,TRANSFER
T_WHWHY4H3,1757.88,2025-01-02T07:18:00,CREDIT
T_YAZBCGJC,1644.13,2025-01-02T07:22:00,DEBIT
T_OLOEAZC0,95.81,2025-01-02T07:25:00,DEBIT
T_KYVK7N3B,316.87,2025-01-02T07:31:00,TRANSFER
T_2T8FY620,749.4,2025-01-02T07:35:00,CREDIT
T_EAVT8K06,690.98,2025-01-02T07:43:00,CREDIT
T_FH4GG244,1865.08,2025-01-02T07:49:00,DEBIT
T_KCD0RLEX,204.59,2025-01-02T07:54:00,TRANSFER
T_RLXYFU38,341.44,2025-01-02T07:57:00,TRANSFER
T_0P4E05QM,614.42,2025-01-02T08:04:00,TRANSFER
T_CK36H0W0,1784.75,2025-01-02T08:09:00,CREDIT
T_U1HBJ6TX,301.52,2025-01-02T08:13:00,TRANSFER
T_0KQSOSX4,1614.05,2025-01-02T08:19:00,CREDIT
T_FFUU5F07,85.64,2025-01-02T08:23:00,TRANSFER
T_IYS2N75B,1298.81,2025-01-02T08:25:00,CREDIT
T_J0UUNNV6,160.29,2025-01-02T08:32:00,DEBIT
T_O3M25A5P,463.83,2025-01-02T08:39:00,CREDIT
T_GNZEI3ZR,960.24,2025-01-02T08:41:00,CREDIT
T_OIEVES6F,336.85,2025-01-02T08:46:00,CREDIT
T_W5038HVQ,965.93,2025-01-02T08:51:00,DEBIT
T_U1WSGY7V,142.34,2025-01-02T08:58:00,DEBIT
T_H4SPFDRW,82.88,2025-01-02T09:04:00,CREDIT
T_REV361XS,743.9,2025-01-02T09:05:00,CREDIT
T_7R1M264U,853.85,2025-01-02T09:12:00,DEBIT
T_4K5OGZ2U,240.07,2025-01-02T09:15:00,DEBIT
T_2ODPVJTU,1225.7,2025-01-02T09:23:00,TRANSFER
T_UGUR9U1O,280.45,2025-01-02T09:25:00,CREDIT
T_ZFHOMTZZ,325.67,2025-01-02T09:30:00,TRANSFER
T_7PCHCBN9,1229.86,2025-01-02T09:39:00,DEBIT
T_83XPHX2K,72.05,2025-01-02T09:44:00,CREDIT
T_WYMX9DJO,1340.98,2025-01-02T09:48:00,CREDIT
T_0CDK36M8,556.63,2025-01-02T09:54:00,TRANSFER
T_UJODCK82,1913.64,2025-01-02T09:59:00,CREDIT
T_8U118QQV,59.56,2025-01-02T10:00:00,DEBIT
T_2HZ2OMTZ,530.38,2025-01-02T10:07:00,TRANSFER
T_3C7RM6J8,1367.8,2025-01-02T10:11:00,DEBIT
T_05HHIWFD,1840.78,2025-01-02T10:18:00,CREDIT
T_TBRWR965,984.16,2025-01-02T10:24:00,DEBIT
T_UB2RTSOY,353.73,2025-01-02T10:25:00,CREDIT
T_YAHULWJT,478.09,2025-01-02T10:33:00,CREDIT
T_RHZN4KGE,1153.91,2025-01-02T10:36:00,TRANSFER
T_IPNF8F3G,1001.7,2025-01-02T10:44:00,CREDIT
T_RJ4BDFHJ,1678.75,2025-01-02T10:45:00,DEBIT
T_MU7JAE58,401.92,2025-01-02T10:54:00,CREDIT
T_9KLS1QCW,930.19,2025-01-02T10:56:00,TRANSFER
T_MWU4CFIL,586.26,2025-01-02T11:02:00,CREDIT
T_5270SQG4,254.45,2025-01-02T11:06:00,CREDIT
T_0HOD7RB1,1050.35,2025-01-02T11:10:00,TRANSFER
T_D7OI0PES,345.36,2025-01-02T11:15:00,CREDIT
T_LR9TJQ8Z,358.19,2025-01-02T11:24:00,DEBIT
T_5PXT6RID,619.2,2025-01-02T11:28:00,DEBIT
T_A34MQA78,956.75,2025-01-02T11:30:00,DEBIT
T_IANOUOF0,782.5,2025-01-02T11:38:00,TRANSFER
T_WS2WYJXT,541.3,2025-01-02T11:41:00,TRANSFER
T_DQQZRLF8,49.15,2025-01-02T11:45:00,DEBIT
T_PADAHP2R,745.94,2025-01-02T11:50:00,DEBIT
T_8C1CQG43,1657.36,2025-01-02T11:55:00,CREDIT
T_9I9H0DXH,781.3,2025-01-02T12:02:00,DEBIT
T_B7SJWH55,439.49,2025-01-02T12:05:00,TRANSFER
T_A2VOI8UY,1378.37,2025-01-02T12:11:00,DEBIT
T_FDW79WCX,1404.15,2025-01-02T12:15:00,TRANSFER
T_9212PGYM,273.79,2025-01-02T12:20:00,DEBIT
T_KZGGM0J3,1829.38,2025-01-02T12:29:00,TRANSFER
T_Q3TQ1S05,1241.37,2025-01-02T12:32:00,CREDIT
T_C83GY1FK,822.56,2025-01-02T12:37:00,TRANSFER
T_C4E5HRDU,1673.42,2025-01-02T12:43:00,CREDIT
T_JNVC7HR6,164.51,2025-01-02T12:45:00,DEBIT
T_ONZ3JBCK,1889.48,2025-01-02T12:54:00,TRANSFER
T_TGSIWG0O,215.5,2025-01-02T12:59:00,DEBIT
T_X5GGOMF9,888.81,2025-01-02T13:02:00,DEBIT
T_N1P0VUH1,1852.66,2025-01-02T13:07:00,DEBIT
T_ABKAE6A9,433.57,2025-01-02T13:12:00,TRANSFER
T_37SUUDQF,533.65,2025-01-02T13:19:00,TRANSFER
T_KUUHCLRR,1798.55,2025-01-02T13:24:00,TRANSFER
T_B3N27M5P,1860.84,2025-01-02T13:25:00,TRANSFER
T_VA1NKBTF,1007.29,2025-01-02T13:31:00,TRANSFER
T_981UDP2F,675.66,2025-01-02T13:38:00,CREDIT
T_ODS1EEUR,1306.24,2025-01-02T13:41:00,CREDIT
T_IC1L7DYP,699.87,2025-01-02T13:47:00,DEBIT
T_1GM32WP7,470.81,2025-01-02T13:52:00,TRANSFER
T_D0IWF3KM,1609.54,2025-01-02T13:57:00,DEBIT
T_HTHSJR0F,1399.02,2025-01-02T14:00:00,DEBIT
T_SJCHZJQ8,137.86,2025-01-02T14:07:00,CREDIT
T_MDK5N9SZ,1808.22,2025-01-02T14:13:00,CREDIT
T_H8UZB7KR,1490.06,2025-01-02T14:15:00,DEBIT
T_K99JCJN9,1980.77,2025-01-02T14:24:00,DEBIT
T_6XDN8WWI,484.52,2025-01-02T14:26:00,DEBIT
T_LTHET25L,1411.75,2025-01-02T14:34:00,TRANSFER
T_F77LU8EL,1759.88,2025-01-02T14:35:00,DEBIT
T_P767J2DG,1526.08,2025-01-02T14:44:00,CREDIT
T_WVIAC2E4,940.18,2025-01-02T14:47:00,TRANSFER
T_RFIO878I,1344.32,2025-01-02T14:51:00,TRANSFER
T_8PWY55P1,1217.82,2025-01-02T14:58:00,CREDIT
T_7UTXZBDQ,1756.15,2025-01-02T15:01:00,CREDIT
T_BN18GP51,575.4,2025-01-02T15:06:00,DEBIT
T_BSF3Q0E2,1876.0,2025-01-02T15:14:00,TRANSFER
T_QGVZHQJY,1814.79,2025-01-02T15:16:00,CREDIT
T_EQNSN2S8,760.46,2025-01-02T15:23:00,TRANSFER
T_M55FF1BL,1461.67,2025-01-02T15:28:00,DEBIT
T_68A1ARR3,1217.93,2025-01-02T15:33:00,TRANSFER
T_ROCVITWU,1651.38,2025-01-02T15:35:00,TRANSFER
T_MFBUVLDD,1987.5,2025-01-02T15:41:00,CREDIT
T_YV2GQU7D,602.09,2025-01-02T15:47:00,DEBIT
T_PTKEZJSS,1393.18,2025-01-02T15:54:00,TRANSFER
T_9TD0V2ZP,1696.36,2025-01-02T15:57:00,CREDIT
T_7WR0R35I,584.52,2025-01-02T16:01:00,TRANSFER
T_WE429OMU,1276.82,2025-01-02T16:05:00,CREDIT
T_JCKT1ELO,1140.0,2025-01-02T16:10:00,TRANSFER
T_MY62XRW6,1076.25,2025-01-02T16:17:00,DEBIT
T_7CSUYTAU,666.78,2025-01-02T16:22:00,TRANSFER
T_B9W4UOV5,1504.32,2025-01-02T16:27:00,CREDIT
T_D5N3KSGN,79.6,2025-01-02T16:31:00,TRANSFER
T_26FMR5LL,1540.12,2025-01-02T16:35:00,CREDIT
T_0QZSA7YV,178.72,2025-01-02T16:43:00,TRANSFER
T_XLUL6LGJ,641.7,2025-01-02T16:48:00,CREDIT
T_FE8UDTTJ,1886.84,2025-01-02T16:52:00,CREDIT
T_L6TBB6BN,176.81,2025-01-02T16:58:00,TRANSFER
T_V4ZWL3ZY,1069.3,2025-01-02T17:03:00,CREDIT
T_2ZDLX1Q8,291.72,2025-01-02T17:09:00,DEBIT
T_G7L4LRCE,959.91,2025-01-02T17:11:00,DEBIT
T_USOZDUCK,924.64,2025-01-02T17:19:00,DEBIT
T_T9NM3V2P,1575.72,2025-01-02T17:24:00,CREDIT
T_Y0Z4EVLD,893.21,2025-01-02T17:27:00,DEBIT
T_YV3LXCHF,1163.63,2025-01-02T17:30:00,TRANSFER
T_TOUHYLU6,612.58,2025-01-02T17:38:00,CREDIT
T_UWS44C68,6.68,2025-01-02T17:44:00,DEBIT
T_5IZOLNNT,1326.66,2025-01-02T17:48:00,TRANSFER
T_4MPK5EAX,292.27,2025-01-02T17:53:00,CREDIT
T_E346Z7WQ,851.13,2025-01-02T17:58:00,DEBIT
T_PAR0ZJ7U,71.76,2025-01-02T18:00:00,CREDIT
T_ERYF0992,932.55,2025-01-02T18:05:00,CREDIT
T_IWXYYTUW,1807.65,2025-01-02T18:14:00,TRANSFER
T_6ULM9KGZ,1197.28,2025-01-02T18:17:00,CREDIT
T_CRGB93WK,169.61,2025-01-02T18:24:00,TRANSFER
T_JWJJ0V60,1320.02,2025-01-02T18:27:00,TRANSFER
T_IGSB98V3,1676.04,2025-01-02T18:33:00,DEBIT
T_0GU4BJ3B,930.71,2025-01-02T18:38:00,DEBIT
T_7IYOJTPK,1595.63,2025-01-02T18:43:00,CREDIT
T_8DTM4VXJ,544.3,2025-01-02T18:45:00,DEBIT
T_QYIY1SY9,629.97,2025-01-02T18:50:00,CREDIT
T_ADDQHKGA,188.42,2025-01-02T18:59:00,CREDIT
T_8WZE4EX6,1134.31,2025-01-02T19:01:00,TRANSFER
T_KXCQ91YY,1541.39,2025-01-02T19:07:00,TRANSFER
T_1NLC8JPR,1857.53,2025-01-02T19:14:00,DEBIT
T_DTPWDPJB,145.47,2025-01-02T19:17:00,DEBIT
T_FX7XJZ6U,1033.19,2025-01-02T19:23:00,DEBIT
T_03CINY2E,1072.93,2025-01-02T19:27:00,DEBIT
T_B9XN4M41,583.47,2025-01-02T19:31:00,TRANSFER
T_XKODYR5P,382.98,2025-01-02T19:35:00,TRANSFER
T_IN2XR838,37.75,2025-01-02T19:42:00,TRANSFER
T_BE3YQY5F,1160.79,2025-01-02T19:45:00,TRANSFER
T_XQ7BZEGB,618.14,2025-01-02T19:50:00,DEBIT
T_V3DR2H2P,1623.98,2025-01-02T19:58:00,DEBIT
T_TL8HBGCJ,1516.31,2025-01-02T20:01:00,CREDIT
T_P7BD4W1A,976.5,2025-01-02T20:05:00,TRANSFER
T_ZVKY2REF,545.54,2025-01-02T20:13:00,DEBIT
T_YVZWD3KP,1117.63,2025-01-02T20:16:00,TRANSFER
T_N1TH1XJG,1594.24,2025-01-02T20:23:00,DEBIT
T_7BNHJW6Q,213.32,2025-01-02T20:25:00,CREDIT
T_BSCIQUP0,1797.25,2025-01-02T20:31:00,TRANSFER
T_IOH6CVBP,436.25,2025-01-02T20:39:00,DEBIT
T_EZW9HEYC,277.32,2025-01-02T20:43:00,DEBIT
T_M5V2WWG8,1710.73,2025-01-02T20:45:00,DEBIT
T_5HRQAP5I,871.33,2025-01-02T20:51:00,CREDIT
T_6PB90SPO,1620.38,2025-01-02T20:55:00,DEBIT
T_UA08EKXD,962.17,2025-01-02T21:02:00,TRANSFER
T_UV9QEZG5,1255.49,2025-01-02T21:05:00,CREDIT
T_YTK1ZWUH,1370.91,2025-01-02T21:14:00,DEBIT
T_S6NBNQBN,1298.1,2025-01-02T21:15:00,CREDIT
T_EMTX015Z,1507.58,2025-01-02T21:21:00,DEBIT
T_SPBNQS3Q,1066.15,2025-01-02T21:29:00,DEBIT
T_2837C6QC,1796.4,2025-01-02T21:32:00,TRANSFER
T_EFFH8AOY,1863.78,2025-01-02T21:38:00,DEBIT
T_XKC5I8XO,688.87,2025-01-02T21:42:00,DEBIT
T_TTQU6L2I,746.95,2025-01-02T21:47:00,TRANSFER
T_QF7ZK94Y,1334.38,2025-01-02T21:51:00,TRANSFER
T_9UPNHZX9,300.15,2025-01-02T21:58:00,CREDIT
T_EA7187F8,1094.56,2025-01-02T22:04:00,DEBIT
T_RK79UFU6,887.0,2025-01-02T22:05:00,CREDIT
T_FTLO4QDB,1284.42,2025-01-02T22:14:00,CREDIT
T_1HD4Y89O,983.48,2025-01-02T22:19:00,CREDIT
T_YOZPNAML,893.92,2025-01-02T22:24:00,TRANSFER
T_P92K38P6,283.44,2025-01-02T22:29:00,CREDIT
T_K9SM7VNA,1279.42,2025-01-02T22:32:00,DEBIT
T_Z1EGNTB3,1670.0,2025-01-02T22:37:00,DEBIT
T_I2FKXWEX,578.94,2025-01-02T22:41:00,DEBIT
T_IEJ9C0UU,1737.35,2025-01-02T22:48:00,CREDIT
T_SU4FCL5E,330.8,2025-01-02T22:52:00,DEBIT
T_8BKXCGW1,1199.53,2025-01-02T22:56:00,CREDIT
T_3YKYYDU3,30.73,2025-01-02T23:04:00,DEBIT
T_O7FHS32U,1380.86,2025-01-02T23:09:00,CREDIT
T_1EQC37RL,728.32,2025-01-02T23:13:00,CREDIT
T_GK0EEYYL,423.63,2025-01-02T23:15:00,DEBIT
T_EARPHBXV,940.82,2025-01-02T23:22:00,TRANSFER
T_ADEVVHYB,295.39,2025-01-02T23:27:00,CREDIT
T_42WSC31T,1433.04,2025-01-02T23:32:00,TRANSFER
T_A0774RZG,1348.68,2025-01-02T23:35:00,TRANSFER
T_PSO1LQSR,725.69,2025-01-02T23:42:00,CREDIT
T_LEKVL9PT,584.73,2025-01-02T23:48:00,TRANSFER
T_4RYG9RDP,1318.8,2025-01-02T23:50:00,TRANSFER
T_Z906GNHH,1688.84,2025-01-02T23:58:00,TRANSFER
T_0KZUJ2XO,954.27,2025-01-03T00:04:00,DEBIT
T_FQERI7B0,1661.47,2025-01-03T00:08:00,CREDIT
T_VLKW1XSR,934.71,2025-01-03T00:12:00,CREDIT
T_JM4T8BP6,770.34,2025-01-03T00:17:00,DEBIT
T_BU4KZREZ,977.47,2025-01-03T00:20:00,CREDIT
T_TTQUFCJV,758.71,2025-01-03T00:27:00,DEBIT
T_VEN3V1WN,859.16,2025-01-03T00:32:00,DEBIT
T_IILDY5EG,1079.14,2025-01-03T00:35:00,DEBIT
T_U6JZV9NO,1147.21,2025-01-03T00:43:00,TRANSFER
T_MS1MWNPR,1695.43,2025-01-03T00:45:00,CREDIT
T_B9OI0D4D,676.99,2025-01-03T00:50:00,CREDIT
T_PMC3SKXL,831.56,2025-01-03T00:57:00,CREDIT
T_1GAZ5UH8,1485.7,2025-01-03T01:03:00,DEBIT
T_34670CHQ,484.55,2025-01-03T01:07:00,DEBIT
T_3CHO3XJV,814.7,2025-01-03T01:10:00,TRANSFER
T_2LR9P6HJ,63.14,2025-01-03T01:17:00,CREDIT
T_48RA4DV5,1801.65,2025-01-03T01:23:00,DEBIT
T_D70FE07S,1658.82,2025-01-03T01:29:00,DEBIT
T_IE3LVO0I,848.62,2025-01-03T01:31:00,TRANSFER
T_PJVRN8LP,1367.06,2025-01-03T01:37:00,TRANSFER
T_NLX6B02B,1835.33,2025-01-03T01:41:00,DEBIT
T_XZ6YTIPA,1921.69,2025-01-03T01:47:00,DEBIT
T_1K4FPL3X,1579.69,2025-01-03T01:52:00,TRANSFER
T_QO4Z533Z,1015.14,2025-01-03T01:57:00,DEBIT
T_TLZ1XGPX,11.14,2025-01-03T02:01:00,CREDIT
T_CFS8314Y,1586.32,2025-01-03T02:07:00,DEBIT
T_EGVLKDNO,757.75,2025-01-03T02:14:00,TRANSFER
T_UWIDQJ4B,1237.92,2025-01-03T02:19:00,DEBIT
T_GUAS173R,452.85,2025-01-03T02:21:00,TRANSFER
T_J0NPHH30,382.78,2025-01-03T02:26:00,DEBIT
T_KJW6NYQA,270.74,2025-01-03T02:32:00,CREDIT
T_ZZ0JDCLI,1816.91,2025-01-03T02:39:00,CREDIT
T_0BJWKON8,1121.32,2025-01-03T02:44:00,TRANSFER
T_RMQDZPJL,1957.14,2025-01-03T02:48:00,DEBIT
T_P6J37SPF,1475.05,2025-01-03T02:53:00,TRANSFER
T_X2BFIBJZ,875.68,2025-01-03T02:58:00,TRANSFER
T_UQEZFMHK,1670.73,2025-01-03T03:04:00,DEBIT
T_VV8SUOC1,1355.43,2025-01-03T03:07:00,TRANSFER
T_OV84FC3X,910.84,2025-01-03T03:12:00,CREDIT
T_8X8L008U,426.68,2025-01-03T03:15:00,CREDIT
T_BC8NOG85,182.93,2025-01-03T03:21:00,TRANSFER
T_K1XERP3L,1371.5,2025-01-03T03:26:00,DEBIT
T_NHQNJVDP,739.63,2025-01-03T03:31:00,DEBIT
T_BMQIYFRW,1051.73,2025-01-03T03:37:00,DEBIT
T_2K9YKIPU,1104.23,2025-01-03T03:40:00,CREDIT
T_OQZ3MV1A,1482.33,2025-01-03T03:48:00,TRANSFER
T_OC5KVQYW,533.82,2025-01-03T03:51:00,TRANSFER
T_9JYPAOAX,923.03,2025-01-03T03:58:00,CREDIT
T_RW9MYYOK,254.55,2025-01-03T04:00:00,TRANSFER
T_ZGARFI44,1079.47,2025-01-03T04:05:00,DEBIT
T_RAFFZ8Q4,1172.53,2025-01-03T04:11:00,DEBIT
T_BAWZ940V,1110.84,2025-01-03T04:17:00,TRANSFER
T_S0765ICA,1154.92,2025-01-03T04:24:00,TRANSFER
T_PRR7MZAK,388.44,2025-01-03T04:27:00,DEBIT
T_VY74ZQ50,783.79,2025-01-03T04:33:00,CREDIT
T_224WK0YE,402.97,2025-01-03T04:39:00,DEBIT
T_7RIU9MJY,353.56,2025-01-03T04:44:00,TRANSFER
T_PWEIJMMB,1756.04,2025-01-03T04:47:00,TRANSFER
T_SYZ7PQ4D,216.25,2025-01-03T04:54:00,CREDIT
T_3BDW56FK,885.83,2025-01-03T04:59:00,DEBIT
T_FN3EH81A,1670.45,2025-01-03T05:03:00,DEBIT
T_DN1MXF1P,460.22,2025-01-03T05:08:00,DEBIT
T_Q42NBFA3,1887.57,2025-01-03T05:10:00,DEBIT
T_FC1XX6CW,1428.17,2025-01-03T05:19:00,DEBIT
T_YTK06AKT,1841.3,2025-01-03T05:23:00,DEBIT
T_T2XZ52OH,606.56,2025-01-03T05:25:00,CREDIT
T_Z5STHSLM,1273.19,2025-01-03T05:30:00,TRANSFER
T_VI109DCN,1255.84,2025-01-03T05:37:00,TRANSFER
T_7QUAMI0U,1430.72,2025-01-03T05:44:00,CREDIT
T_K2ZYZSIL,1166.83,2025-01-03T05:47:00,DEBIT
T_PODPEHCY,808.49,2025-01-03T05:54:00,CREDIT
T_JRPP7R93,292.97,2025-01-03T05:56:00,DEBIT
T_8STZQBFU,1843.79,2025-01-03T06:00:00,CREDIT
T_EUBFN9KR,1583.45,2025-01-03T06:06:00,CREDIT
T_66H3REM5,838.06,2025-01-03T06:14:00,DEBIT
T_MN44EEW1,1336.11,2025-01-03T06:16:00,CREDIT
T_WWN6MBYP,558.36,2025-01-03T06:20:00,TRANSFER
T_W1LXXD8T,1516.44,2025-01-03T06:29:00,CREDIT
T_SAXT8JH3,1678.64,2025-01-03T06:34:00,DEBIT
T_VOB5APO4,638.18,2025-01-03T06:37:00,TRANSFER
T_GFJDLOGW,653.95,2025-01-03T06:40:00,CREDIT
T_DF6J76BI,1196.02,2025-01-03T06:46:00,DEBIT
T_NECQOROI,1772.88,2025-01-03T06:52:00,CREDIT
T_IT2KODWH,1935.98,2025-01-03T06:57:00,CREDIT
T_TP6QAQ3K,1944.3,2025-01-03T07:00:00,TRANSFER
T_JJY94H4K,327.03,2025-01-03T07:09:00,CREDIT
T_OEFUKPV8,640.02,2025-01-03T07:12:00,CREDIT
T_QI9MQVAY,1294.65,2025-01-03T07:15:00,CREDIT
T_AGUZROC5,1304.28,2025-01-03T07:24:00,TRANSFER
T_YYM33MG1,1395.58,2025-01-03T07:25:00,TRANSFER
T_GA01YZG3,1252.35,2025-01-03T07:31:00,TRANSFER
T_K6ZHH3O5,1140.36,2025-01-03T07:38:00,TRANSFER
T_0YVGV0E7,1711.68,2025-01-03T07:44:00,CREDIT
T_4A8YWY5A,857.09,2025-01-03T07:45:00,DEBIT
T_JYQN15IK,843.02,2025-01-03T07:53:00,DEBIT
T_M539IY87,397.77,2025-01-03T07:57:00,DEBIT
T_BPA274IR,1917.81,2025-01-03T08:00:00,DEBIT
T_71W1WUDC,71.52,2025-01-03T08:07:00,CREDIT
T_C2BVPDCB,1700.61,2025-01-03T08:13:00,TRANSFER
T_IVXAN25W,682.53,2025-01-03T08:15:00,DEBIT
T_GDVC2GUW,516.29,2025-01-03T08:23:00,DEBIT
T_GEBEVSXM,1169.41,2025-01-03T08:29:00,TRANSFER
T_VK8SXFI3,1121.1,2025-01-03T08:30:00,DEBIT
T_62MYZ9VL,1158.93,2025-01-03T08:37:00,CREDIT
T_FQ2BHAII,1249.72,2025-01-03T08:41:00,DEBIT
T_L0HG9NCB,234.8,2025-01-03T08:47:00,DEBIT
T_6M9HKHJG,1695.83,2025-01-03T08:51:00,TRANSFER
T_46AYN2D7,613.62,2025-01-03T08:56:00,DEBIT
T_GS2WPZE5,265.94,2025-01-03T09:01:00,TRANSFER
T_NV9IBWGT,1580.23,2025-01-03T09:07:00,TRANSFER
T_KESVR022,1231.7,2025-01-03T09:11:00,CREDIT
T_XSRQLNZZ,992.11,2025-01-03T09:17:00,CREDIT
T_2XH6QIHP,757.28,2025-01-03T09:21:00,DEBIT
T_EDQMVQWP,937.76,2025-01-03T09:28:00,DEBIT
T_JAPJC6KS,1095.57,2025-01-03T09:30:00,DEBIT
T_EMTMYJ01,1691.67,2025-01-03T09:36:00,CREDIT
T_106AK32O,814.49,2025-01-03T09:44:00,CREDIT
T_S1FOI0RS,1573.02,2025-01-03T09:48:00,CREDIT
T_2LG1ZHQU,752.53,2025-01-03T09:54:00,TRANSFER
T_RXMIP11Y,602.78,2025-01-03T09:59:00,TRANSFER
T_7F8LWVV5,1960.44,2025-01-03T10:01:00,DEBIT
T_GDUQ6DDT,68.96,2025-01-03T10:09:00,DEBIT
T_C8KIXCCS,347.79,2025-01-03T10:13:00,DEBIT
T_TRC85EHP,1420.79,2025-01-03T10:18:00,TRANSFER
T_VSYJAFCO,1616.09,2025-01-03T10:24:00,DEBIT
T_RQBDX7M4,1585.73,2025-01-03T10:28:00,CREDIT
T_GI60Q6GU,790.13,2025-01-03T10:30:00,TRANSFER
T_JWK6Z0HR,1984.82,2025-01-03T10:39:00,TRANSFER
T_D1LQJSQC,1390.5,2025-01-03T10:43:00,DEBIT
T_4OAE7L0R,141.13,2025-01-03T10:49:00,CREDIT
T_F34GADKT,784.74,2025-01-03T10:50:00,CREDIT
T_JPGZ6TPB,1271.41,2025-01-03T10:59:00,CREDIT
T_6OLBA117,752.42,2025-01-03T11:01:00,TRANSFER
T_BA3YC8D4,1329.9,2025-01-03T11:06:00,TRANSFER
T_3LWW7OPI,216.24,2025-01-03T11:12:00,TRANSFER
T_LOQC3XNC,441.03,2025-01-03T11:17:00,CREDIT
T_T94G8V9Z,1357.41,2025-01-03T11:21:00,DEBIT
T_5L4RMVVN,1282.98,2025-01-03T11:26:00,CREDIT
T_IW6L01WC,752.17,2025-01-03T11:32:00,TRANSFER
T_XI09P5EL,1575.01,2025-01-03T11:35:00,CREDIT
T_31I0MHB7,1976.81,2025-01-03T11:41:00,CREDIT
T_LPA5CGWF,412.42,2025-01-03T11:45:00,TRANSFER
T_2HSPQFHP,1213.67,2025-01-03T11:52:00,DEBIT
T_H5R8MNQP,1220.74,2025-01-03T11:58:00,TRANSFER
T_AN417VF0,518.3,2025-01-03T12:03:00,DEBIT
T_URLZH6A5,1462.09,2025-01-03T12:07:00,DEBIT
T_78NRXVOB,1843.6,2025-01-03T12:13:00,CREDIT
T_PJ60SRYZ,1303.56,2025-01-03T12:18:00,CREDIT
T_B3WYZXJQ,1363.73,2025-01-03T12:22:00,TRANSFER
T_4A1X7OV6,1039.48,2025-01-03T12:26:00,DEBIT
T_JK8XNLO5,1456.67,2025-01-03T12:30:00,TRANSFER
T_23JH0ZAG,985.99,2025-01-03T12:35:00,TRANSFER
T_SX0GNZHG,1897.22,2025-01-03T12:43:00,CREDIT
T_H03G95P6,222.84,2025-01-03T12:46:00,TRANSFER
T_ECBIR1AJ,1910.65,2025-01-03T12:54:00,TRANSFER
T_2NS8JR1V,676.42,2025-01-03T12:57:00,DEBIT
T_XNCMLDQZ,1451.81,2025-01-03T13:01:00,TRANSFER
T_T81IQY5S,1322.16,2025-01-03T13:05:00,CREDIT
T_W580YIR0,1588.95,2025-01-03T13:12:00,DEBIT
T_9460KHFS,1145.93,2025-01-03T13:19:00,TRANSFER
T_D399Q68R,1083.63,2025-01-03T13:21:00,TRANSFER
T_ZD9B7LNK,1439.75,2025-01-03T13:28:00,CREDIT
T_7WR2LIU7,134.01,2025-01-03T13:32:00,DEBIT
T_0NXU43IE,179.92,2025-01-03T13:35:00,DEBIT
T_G7UELN0L,1182.17,2025-01-03T13:41:00,DEBIT
T_NY2SVHOT,923.9,2025-01-03T13:46:00,DEBIT
T_YFK043BL,1007.24,2025-01-03T13:50:00,DEBIT
T_R3RZN9L3,425.17,2025-01-03T13:56:00,CREDIT
T_5GRO9X49,1098.15,2025-01-03T14:02:00,DEBIT
T_1OTKZH4O,266.15,2025-01-03T14:09:00,TRANSFER
T_KXUPR6H2,395.33,2025-01-03T14:10:00,DEBIT
T_D24N9YGC,714.39,2025-01-03T14:18:00,TRANSFER
T_XV8WOBIR,1377.53,2025-01-03T14:21:00,CREDIT
T_Y2X15XJX,737.81,2025-01-03T14:25:00,TRANSFER
T_X6IV9RYD,1187.79,2025-01-03T14:33:00,DEBIT
T_KELZ5TOZ,790.62,2025-01-03T14:39:00,CREDIT
T_4T3X1HXE,1724.7,2025-01-03T14:41:00,TRANSFER
T_LBUXDJ1D,253.81,2025-01-03T14:47:00,DEBIT
T_9XIB86KT,284.01,2025-01-03T14:53:00,CREDIT
T_9MTHD3IG,602.92,2025-01-03T14:56:00,TRANSFER
T_VJ0PTJXF,914.86,2025-01-03T15:02:00,CREDIT
T_TC09ZGNX,1641.91,2025-01-03T15:09:00,TRANSFER
T_L2N8IJTY,816.53,2025-01-03T15:12:00,CREDIT
T_MJ5IAN8N,214.48,2025-01-03T15:15:00,TRANSFER
T_L3RTZ5TV,1793.66,2025-01-03T15:21:00,DEBIT
T_M08TV4RE,23.95,2025-01-03T15:29:00,CREDIT
T_FUJ7XN1Y,839.4,2025-01-03T15:33:00,TRANSFER
T_QK8SZ7IW,178.45,2025-01-03T15:37:00,DEBIT
T_DC08FC0T,988.24,2025-01-03T15:40:00,DEBIT
T_0RS95ZOW,1822.22,2025-01-03T15:45:00,CREDIT
T_0I0835TV,1216.71,2025-01-03T15:51:00,CREDIT
T_SIC4S8PN,749.7,2025-01-03T15:55:00,DEBIT
T_344KRJAW,790.27,2025-01-03T16:02:00,CREDIT
T_BQWRMWLM,15.28,2025-01-03T16:06:00,DEBIT
T_PHT6O6A1,504.02,2025-01-03T16:13:00,DEBIT
T_PG3DP4FM,870.75,2025-01-03T16:17:00,CREDIT
T_KEPLBX88,1965.94,2025-01-03T16:20:00,DEBIT
T_2ZL15S74,780.75,2025-01-03T16:25:00,TRANSFER
T_FS1IYM90,871.49,2025-01-03T16:32:00,DEBIT
T_PW0GKEJZ,1334.33,2025-01-03T16:38:00,TRANSFER
T_3ZSG9VWI,268.93,2025-01-03T16:40:00,DEBIT
T_PWDBOLWI,675.67,2025-01-03T16:48:00,TRANSFER
T_BDN7ZI6G,6.07,2025-01-03T16:52:00,TRANSFER
T_6DG8NKDA,1105.78,2025-01-03T16:56:00,DEBIT
T_N2TNXHN5,265.32,2025-01-03T17:04:00,TRANSFER
T_53GQD7WK,951.03,2025-01-03T17:06:00,CREDIT
T_EPZ614UM,735.19,2025-01-03T17:10:00,DEBIT
T_S82GJ8K8,126.28,2025-01-03T17:16:00,CREDIT
T_Y58F1N2O,546.63,2025-01-03T17:21:00,TRANSFER
T_VA7SSZJ4,596.25,2025-01-03T17:27:00,CREDIT
T_BIBF57J2,1286.61,2025-01-03T17:31:00,TRANSFER
T_XW8L85JE,1797.18,2025-01-03T17:37:00,DEBIT
T_AM0KJAX5,1878.34,2025-01-03T17:44:00,TRANSFER
T_NX5WT3HJ,1165.42,2025-01-03T17:48:00,TRANSFER
T_0N6DGG5G,983.58,2025-01-03T17:51:00,CREDIT
T_FGOVCCI6,1940.92,2025-01-03T17:55:00,CREDIT
T_1ADNDA37,268.7,2025-01-03T18:00:00,DEBIT
T_A88D0MZH,963.45,2025-01-03T18:09:00,DEBIT
T_LFCYWE3D,596.99,2025-01-03T18:14:00,DEBIT
T_IINMK7YY,1431.13,2025-01-03T18:15:00,DEBIT
T_D8MWE776,1210.99,2025-01-03T18:21:00,DEBIT
T_GP6YWK5J,1001.01,2025-01-03T18:27:00,DEBIT
T_22592FFQ,1594.72,2025-01-03T18:33:00,TRANSFER
T_8KD9GNLP,1388.37,2025-01-03T18:38:00,CREDIT
T_E77NTTRT,464.08,2025-01-03T18:40:00,CREDIT
T_UY0ZIA9A,1118.96,2025-01-03T18:46:00,TRANSFER
T_M42FQ4T7,845.05,2025-01-03T18:51:00,TRANSFER
T_EZF0ZPBD,1165.31,2025-01-03T18:58:00,CREDIT
T_FFIA3O1Q,284.52,2025-01-03T19:04:00,CREDIT
T_0PXAECXV,351.29,2025-01-03T19:06:00,TRANSFER
T_Y5T37SZP,317.82,2025-01-03T19:10:00,CREDIT
T_HWHG0U43,939.53,2025-01-03T19:17:00,CREDIT
T_NBNPJDN2,674.27,2025-01-03T19:21:00,DEBIT
T_CV1LTWBJ,1953.44,2025-01-03T19:29:00,TRANSFER
T_BL7AMKOH,1504.93,2025-01-03T19:32:00,TRANSFER
T_L6SS1A2R,1738.28,2025-01-03T19:35:00,DEBIT
T_Q5DZ53X1,326.29,2025-01-03T19:44:00,CREDIT
T_S1QEKW7B,1426.96,2025-01-03T19:48:00,TRANSFER
T_CFWR2F5T,1938.05,2025-01-03T19:50:00,DEBIT
T_GKCUMCZQ,1972.36,2025-01-03T19:57:00,DEBIT
T_78RNKOWY,884.45,2025-01-03T20:04:00,CREDIT
T_YSJ5YWX0,493.41,2025-01-03T20:09:00,TRANSFER
T_KFOCNQDQ,1286.76,2025-01-03T20:13:00,TRANSFER
T_D8OPOCMV,429.21,2025-01-03T20:18:00,TRANSFER
T_T8FHU91C,1618.02,2025-01-03T20:23:00,DEBIT
T_58YJWDCO,600.18,2025-01-03T20:28:00,DEBIT
T_6GB6P8KH,1884.17,2025-01-03T20:33:00,DEBIT
T_FZMYOA2V,160.23,2025-01-03T20:39:00,CREDIT
T_9700LFQF,1729.28,2025-01-03T20:40:00,CREDIT
T_0974WXUB,1492.69,2025-01-03T20:46:00,DEBIT
T_FNM88UA3,37.3,2025-01-03T20:52:00,CREDIT
T_ZXQOMTS1,231.19,2025-01-03T20:56:00,DEBIT
T_TFPKXYWZ,1876.11,2025-01-03T21:00:00,TRANSFER
T_DA7D0WTW,1009.21,2025-01-03T21:05:00,CREDIT
T_H1TE48M2,930.57,2025-01-03T21:13:00,TRANSFER
T_SJXL66YA,1818.57,2025-01-03T21:15:00,TRANSFER
T_N33VM89I,1947.11,2025-01-03T21:21:00,CREDIT
T_B7P7O0OL,321.1,2025-01-03T21:26:00,TRANSFER
T_SW24WJT8,411.51,2025-01-03T21:30:00,TRANSFER
T_1FWT9UA0,1966.91,2025-01-03T21:37:00,TRANSFER
T_HG403NJB,170.51,2025-01-03T21:41:00,CREDIT
T_5D7EFJGC,1690.02,2025-01-03T21:46:00,DEBIT
T_AC8CYNL6,1618.06,2025-01-03T21:51:00,DEBIT
T_XW4EMM9V,15.0,2025-01-03T21:59:00,CREDIT
T_GBASF5EH,658.44,2025-01-03T22:01:00,TRANSFER
T_JR8MTK0R,1027.75,2025-01-03T22:08:00,TRANSFER
T_Y5KOV1L2,1907.76,2025-01-03T22:13:00,DEBIT
T_VJLDNHM6,1639.59,2025-01-03T22:18:00,TRANSFER
T_JOV58TOE,1619.04,2025-01-03T22:23:00,TRANSFER
T_HNFLAYZH,1137.1,2025-01-03T22:27:00,TRANSFER
T_KHHUZ83Y,1150.03,2025-01-03T22:33:00,CREDIT
T_3HBRBJEQ,1204.85,2025-01-03T22:39:00,DEBIT
T_KX496K4O,1792.18,2025-01-03T22:44:00,TRANSFER
T_CD20J1OU,629.78,2025-01-03T22:49:00,TRANSFER
T_9RX647DI,1651.79,2025-01-03T22:51:00,TRANSFER
T_0ID033TA,1378.04,2025-01-03T22:55:00,DEBIT
T_D8CLW3JG,279.84,2025-01-03T23:03:00,TRANSFER
T_FV46WYSI,958.46,2025-01-03T23:08:00,DEBIT
T_RD1ZM4IX,1712.45,2025-01-03T23:10:00,TRANSFER
T_AH3GDHVS,1717.63,2025-01-03T23:17:00,CREDIT
T_4DE7NQWH,803.41,2025-01-03T23:20:00,DEBIT
T_L5XF50I6,378.12,2025-01-03T23:25:00,DEBIT
T_METMHOPM,885.47,2025-01-03T23:32:00,TRANSFER
T_0PKOVTRP,1363.92,2025-01-03T23:36:00,TRANSFER
T_6UITJ5ZO,788.81,2025-01-03T23:41:00,CREDIT
T_JH2MKV0D,1008.96,2025-01-03T23:49:00,DEBIT
T_6ILCG6FA,951.83,2025-01-03T23:52:00,TRANSFER
T_CY4V8URI,223.23,2025-01-03T23:55:00,CREDIT
T_IS11D2MR,704.81,2025-01-04T00:04:00,DEBIT
T_NAMZ6146,1193.51,2025-01-04T00:05:00,DEBIT
T_XFOH9MBU,1393.13,2025-01-04T00:13:00,DEBIT
T_G8W85Y6Q,1916.82,2025-01-04T00:19:00,TRANSFER
T_MLV8JGUZ,1669.17,2025-01-04T00:20:00,DEBIT
T_82K8RYQF,1933.51,2025-01-04T00:29:00,CREDIT
T_RCKQH3ER,15.16,2025-01-04T00:32:00,CREDIT
T_JMK4X1FD,544.98,2025-01-04T00:36:00,DEBIT
T_KB7IYNO6,1786.6,2025-01-04T00:42:00,CREDIT
T_P52F1JOH,613.47,2025-01-04T00:47:00,CREDIT
T_TN5PEPL7,1426.63,2025-01-04T00:53:00,DEBIT
T_8Q6A1DF6,1574.33,2025-01-04T00:59:00,CREDIT
T_TUK1OOA3,1750.45,2025-01-04T01:03:00,TRANSFER
T_3XMDKRLC,1482.24,2025-01-04T01:09:00,CREDIT
T_HF0RIY4K,625.23,2025-01-04T01:10:00,DEBIT
T_EAVEDHR3,890.41,2025-01-04T01:15:00,TRANSFER
T_934T3Y4W,867.55,2025-01-04T01:20:00,TRANSFER
T_XG0TRKY8,988.46,2025-01-04T01:27:00,DEBIT
T_DPPBQUAK,1291.99,2025-01-04T01:34:00,DEBIT
T_8Q0J9M4S,700.92,2025-01-04T01:39:00,DEBIT
T_XMZMZ2K1,609.35,2025-01-04T01:43:00,TRANSFER
T_R8VGZSXJ,1397.05,2025-01-04T01:49:00,CREDIT
T_3CB0IXRY,650.7,2025-01-04T01:51:00,CREDIT
T_6G61PCWE,1694.37,2025-01-04T01:55:00,DEBIT
T_WBGDQEWU,395.46,2025-01-04T02:03:00,DEBIT
T_HF33GUWY,411.06,2025-01-04T02:06:00,TRANSFER
T_U5MY80TG,418.91,2025-01-04T02:13:00,CREDIT
T_642PW5UE,1036.91,2025-01-04T02:15:00,TRANSFER
T_VLI77JZC,1743.59,2025-01-04T02:22:00,TRANSFER
T_47SOCZDQ,1835.2,2025-01-04T02:27:00,CREDIT
T_PH5CH3L1,1825.08,2025-01-04T02:30:00,TRANSFER
T_86Z1B98V,1226.8,2025-01-04T02:35:00,CREDIT
T_0DRIMR25,459.37,2025-01-04T02:40:00,TRANSFER
T_HVNYARNN,254.85,2025-01-04T02:48:00,CREDIT
T_EW6MM7ID,25.05,2025-01-04T02:53:00,CREDIT
T_2U9AZ3CE,365.28,2025-01-04T02:55:00,DEBIT
T_69EOXXC7,415.69,2025-01-04T03:02:00,TRANSFER
T_72KXSJZS,112.73,2025-01-04T03:08:00,CREDIT
T_C64SKTE0,1576.94,2025-01-04T03:10:00,TRANSFER
T_18A4JVK8,124.14,2025-01-04T03:19:00,DEBIT
T_NPINXTXB,1527.18,2025-01-04T03:20:00,CREDIT
T_763V1M3P,857.96,2025-01-04T03:25:00,TRANSFER
T_7K9TPZ1J,1920.81,2025-01-04T03:33:00,CREDIT
T_6KYJ91KU,82.02,2025-01-04T03:37:00,DEBIT
T_23VEULJG,928.13,2025-01-04T03:43:00,TRANSFER
T_R4HC7JVL,132.77,2025-01-04T03:46:00,DEBIT
T_JRIG5XIX,372.59,2025-01-04T03:54:00,DEBIT
T_TI899A44,1083.18,2025-01-04T03:55:00,CREDIT
T_CPSILN3O,1285.56,2025-01-04T04:02:00,TRANSFER
T_2MOXQ9WF,94.0,2025-01-04T04:06:00,CREDIT
T_HLZ02Z7N,1167.46,2025-01-04T04:11:00,DEBIT
T_889U9W0T,246.88,2025-01-04T04:19:00,TRANSFER
T_SPJ4KII1,727.12,2025-01-04T04:23:00,DEBIT
T_I05NMS6X,1212.41,2025-01-04T04:28:00,DEBIT
T_3ET1OVEJ,577.34,2025-01-04T04:32:00,TRANSFER
T_SFR5HGQG,840.16,2025-01-04T04:39:00,CREDIT
T_D54AGCST,779.29,2025-01-04T04:43:00,DEBIT
T_UZE66VW9,95.25,2025-01-04T04:47:00,DEBIT
T_Q4KREG16,1873.56,2025-01-04T04:50:00,TRANSFER
T_VYQLG0K1,468.37,2025-01-04T04:58:00,DEBIT
T_6U4PLLGF,1628.9,2025-01-04T05:01:00,DEBIT
T_5LMFKRIG,1878.71,2025-01-04T05:07:00,CREDIT
T_IKDTSGVB,1781.84,2025-01-04T05:14:00,TRANSFER
T_3NK8PQEQ,1836.4,2025-01-04T05:15:00,DEBIT
T_J590EMC2,1456.09,2025-01-04T05:22:00,TRANSFER
T_Q0YCY6BD,1411.68,2025-01-04T05:29:00,DEBIT
T_X5BWAEN7,1348.33,2025-01-04T05:32:00,DEBIT
T_GREWDS0H,871.47,2025-01-04T05:38:00,CREDIT
T_GPJNVWRX,364.23,2025-01-04T05:42:00,TRANSFER
T_R2OMRDE5,1511.15,2025-01-04T05:47:00,DEBIT
T_XEQLEZZ1,970.06,2025-01-04T05:53:00,CREDIT
T_BJH4OULY,825.4,2025-01-04T05:58:00,DEBIT
T_BRHWBQH5,1074.35,2025-01-04T06:00:00,CREDIT
T_VA02DZ61,1108.02,2025-01-04T06:05:00,CREDIT
T_HFT4I26L,435.15,2025-01-04T06:11:00,TRANSFER
T_1SS2BKAW,1377.7,2025-01-04T06:15:00,DEBIT
T_2XE0JDCZ,1525.96,2025-01-04T06:23:00,TRANSFER
T_T7DVO342,853.18,2025-01-04T06:25:00,DEBIT
T_D8UNPIOK,572.42,2025-01-04T06:34:00,CREDIT
T_9081ZQUA,1543.56,2025-01-04T06:38:00,DEBIT
T_XL39DG5R,503.69,2025-01-04T06:41:00,DEBIT
T_S41CRO04,77.84,2025-01-04T06:49:00,CREDIT
T_JHURR8IQ,968.58,2025-01-04T06:54:00,CREDIT
T_DZN1F0FP,1943.97,2025-01-04T06:55:00,DEBIT
T_2R0TOKPK,1844.33,2025-01-04T07:02:00,CREDIT
T_NXFSHWZS,506.22,2025-01-04T07:08:00,TRANSFER
T_097FZRLG,943.63,2025-01-04T07:10:00,DEBIT
T_YTLCQFMU,455.93,2025-01-04T07:15:00,TRANSFER
T_6P0N17UX,409.16,2025-01-04T07:24:00,TRANSFER
T_KJD2V1L1,1186.38,2025-01-04T07:27:00,CREDIT
T_6HAIH7WF,953.55,2025-01-04T07:30:00,DEBIT
T_E3PQK1IO,1548.97,2025-01-04T07:38:00,DEBIT
T_LCVHFWJF,877.3,2025-01-04T07:43:00,DEBIT
T_YUPMANQY,1458.34,2025-01-04T07:46:00,CREDIT
T_7NG0APSA,624.23,2025-01-04T07:50:00,DEBIT
T_7VBJRBZJ,1252.41,2025-01-04T07:59:00,TRANSFER
T_QVQG0XTD,742.22,2025-01-04T08:04:00,CREDIT
T_G4C4EPZL,1716.49,2025-01-04T08:07:00,TRANSFER
T_A44LZ6V7,1035.1,2025-01-04T08:13:00,DEBIT
T_C3S0DPJH,1013.4,2025-01-04T08:16:00,CREDIT
T_LUEQ4D7D,1836.43,2025-01-04T08:21:00,CREDIT
T_V812HNC0,497.23,2025-01-04T08:26:00,CREDIT
T_LNKKUO4J,402.45,2025-01-04T08:32:00,DEBIT
T_DMN1S3YG,1899.58,2025-01-04T08:39:00,DEBIT
T_HZM32HZS,1660.57,2025-01-04T08:42:00,TRANSFER
T_JQBEXGFV,747.7,2025-01-04T08:48:00,CREDIT
T_LDM6FRM6,378.29,2025-01-04T08:52:00,DEBIT
T_GA3QUPO4,508.89,2025-01-04T08:57:00,CREDIT
T_OB7I77DP,542.38,2025-01-04T09:04:00,DEBIT
T_S7587H91,264.13,2025-01-04T09:07:00,TRANSFER
T_12QFAF5K,165.35,2025-01-04T09:11:00,TRANSFER
T_IY4NRMQY,1399.07,2025-01-04T09:18:00,CREDIT
T_Z1DE1E16,1640.48,2025-01-04T09:23:00,CREDIT
T_MY8A5GIN,1005.4,2025-01-04T09:25:00,CREDIT
T_6XEGHPMX,854.29,2025-01-04T09:32:00,DEBIT
T_RJ8GOSD3,695.84,2025-01-04T09:35:00,CREDIT
T_3FESYAXY,847.8,2025-01-04T09:40:00,DEBIT
T_WV2QNRMT,732.9,2025-01-04T09:46:00,DEBIT
T_5CA8ZJSW,1745.05,2025-01-04T09:53:00,TRANSFER
T_ERN6YJMK,1639.24,2025-01-04T09:59:00,DEBIT
T_PQKBE0TO,354.59,2025-01-04T10:04:00,TRANSFER
T_WPJ8YI34,1466.71,2025-01-04T10:09:00,CREDIT
T_LBV03DS0,678.86,2025-01-04T10:12:00,DEBIT
T_8JX54PEG,525.65,2025-01-04T10:17:00,CREDIT
T_2YBUH7JY,375.5,2025-01-04T10:24:00,CREDIT
T_6YJOAOEJ,1200.16,2025-01-04T10:27:00,TRANSFER
T_ZHW0VQPV,1085.21,2025-01-04T10:33:00,CREDIT
T_MPQ0HZYJ,69.37,2025-01-04T10:39:00,TRANSFER
T_9C0TK1QQ,316.02,2025-01-04T10:44:00,TRANSFER
T_P9A9URI7,267.74,2025-01-04T10:49:00,TRANSFER
T_HDK5199T,707.29,2025-01-04T10:51:00,DEBIT
T_LND581LT,787.39,2025-01-04T10:58:00,DEBIT
T_3Q7GKTMQ,348.68,2025-01-04T11:00:00,DEBIT
T_9OWWEW9V,1465.64,2025-01-04T11:05:00,DEBIT
T_UQDN05XT,1727.56,2025-01-04T11:11:00,DEBIT
T_IQZHECBU,921.09,2025-01-04T11:19:00,DEBIT
T_9SEVL7FQ,1925.14,2025-01-04T11:20:00,CREDIT
T_OSQN285T,1433.01,2025-01-04T11:29:00,CREDIT
T_P3C330BO,1855.14,2025-01-04T11:33:00,DEBIT
T_FJ31EGOM,1826.38,2025-01-04T11:38:00,TRANSFER
T_XC6RIJKQ,1575.81,2025-01-04T11:42:00,CREDIT
T_1FKHNNK8,320.81,2025-01-04T11:47:00,DEBIT
T_K0ZFKNWB,427.27,2025-01-04T11:52:00,TRANSFER
T_NS5SR69X,1176.34,2025-01-04T11:59:00,DEBIT
T_5RGSG6A8,688.02,2025-01-04T12:02:00,TRANSFER
T_V0EHRUWA,1493.78,2025-01-04T12:09:00,TRANSFER
T_XODLCTT0,1745.87,2025-01-04T12:10:00,DEBIT
T_I2G74IZG,1958.86,2025-01-04T12:17:00,CREDIT
T_G3C6SCIV,1164.63,2025-01-04T12:23:00,TRANSFER
T_B2CRPRDV,1198.6,2025-01-04T12:27:00,CREDIT
T_5E51H3WQ,5.99,2025-01-04T12:33:00,CREDIT
T_GSS8K5IJ,1124.72,2025-01-04T12:37:00,CREDIT
T_8RL9QFCP,612.76,2025-01-04T12:43:00,DEBIT
T_3GDILK1Q,1371.07,2025-01-04T12:49:00,TRANSFER
T_LGOGFXLS,950.18,2025-01-04T12:54:00,DEBIT
T_IJ74NL03,634.12,2025-01-04T12:57:00,DEBIT
T_P1O8M291,43.86,2025-01-04T13:01:00,TRANSFER
T_KNL2LUHH,1008.37,2025-01-04T13:07:00,TRANSFER
T_LRZQ8BXY,1818.23,2025-01-04T13:13:00,TRANSFER
T_NDXJN7DE,1500.9,2025-01-04T13:17:00,CREDIT
T_5VUUPLTX,1115.57,2025-01-04T13:22:00,CREDIT
T_15Z08N10,433.55,2025-01-04T13:27:00,DEBIT
T_LYZJ0AEO,795.63,2025-01-04T13:33:00,TRANSFER
T_6SAPBS22,986.56,2025-01-04T13:39:00,DEBIT
T_CDUEFS4U,939.55,2025-01-04T13:41:00,TRANSFER
T_3Q69FLGU,910.82,2025-01-04T13:48:00,TRANSFER
T_A3AIPJIY,656.61,2025-01-04T13:53:00,CREDIT
T_376ZUGFL,206.29,2025-01-04T13:59:00,CREDIT
T_EMC57XHF,1982.05,2025-01-04T14:01:00,TRANSFER
T_E6P4NP00,763.93,2025-01-04T14:08:00,DEBIT
T_1VE8SUSF,423.23,2025-01-04T14:13:00,CREDIT
T_9OHDSRS8,37.21,2025-01-04T14:18:00,DEBIT
T_M84P4K9D,1288.95,2025-01-04T14:23:00,DEBIT
T_XLFIUEFZ,1525.76,2025-01-04T14:25:00,CREDIT
T_0KW3PGSF,1619.79,2025-01-04T14:31:00,DEBIT
T_2BHON4WB,56.53,2025-01-04T14:35:00,DEBIT
T_FOT10GDM,449.29,2025-01-04T14:43:00,TRANSFER
T_94TEVWLQ,1806.25,2025-01-04T14:46:00,DEBIT
T_8YDR3UES,1611.87,2025-01-04T14:51:00,TRANSFER
T_DO5DIGXL,1948.04,2025-01-04T14:59:00,CREDIT
T_J6LNF040,1600.54,2025-01-04T15:00:00,TRANSFER
T_W4IOAR4G,1739.7,2025-01-04T15:09:00,DEBIT
T_WTEK17M6,514.29,2025-01-04T15:13:00,CREDIT
T_YMSCNX8E,458.11,2025-01-04T15:18:00,TRANSFER
T_K5LP9C5S,798.13,2025-01-04T15:24:00,TRANSFER
T_HA0MVF4S,1601.52,2025-01-04T15:27:00,CREDIT
T_GFYW4I7Z,1083.94,2025-01-04T15:34:00,DEBIT
T_B8OOSPRL,1444.49,2025-01-04T15:37:00,TRANSFER
T_UL7W8COF,1645.77,2025-01-04T15:41:00,DEBIT
T_PVIMI8FO,1453.33,2025-01-04T15:49:00,CREDIT
T_FJLWSS1V,468.2,2025-01-04T15:53:00,DEBIT
T_0QC96MJ9,766.1,2025-01-04T15:57:00,TRANSFER
T_V5Y21ID9,1208.62,2025-01-04T16:04:00,DEBIT
T_X48PW5K0,555.35,2025-01-04T16:07:00,CREDIT
T_YJMAZRVH,870.37,2025-01-04T16:12:00,TRANSFER
T_RVUV5YBD,1677.22,2025-01-04T16:15:00,CREDIT
T_IUZV3ZBX,883.29,2025-01-04T16:23:00,CREDIT
T_73W1YAUA,1892.17,2025-01-04T16:25:00,DEBIT
T_BQ6MYM8J,1568.5,2025-01-04T16:32:00,DEBIT
T_1FU5X012,348.26,2025-01-04T16:38:00,TRANSFER
T_T28LL6DO,1245.49,2025-01-04T16:41:00,DEBIT
T_ZM3618LE,1165.78,2025-01-04T16:49:00,CREDIT
T_1TOZHDV5,812.25,2025-01-04T16:52:00,TRANSFER
T_MEN4052W,1941.64,2025-01-04T16:57:00,TRANSFER
T_IF9AIZH5,883.51,2025-01-04T17:01:00,TRANSFER
T_84RPU9GG,1039.55,2025-01-04T17:08:00,CREDIT
T_90Z92JN6,1874.16,2025-01-04T17:12:00,CREDIT
T_E49ITE92,1017.37,2025-01-04T17:18:00,CREDIT
T_3IMZ93IJ,1674.04,2025-01-04T17:23:00,CREDIT
T_P8GUUCM5,300.02,2025-01-04T17:27:00,TRANSFER
T_J6AVP1EO,1325.29,2025-01-04T17:32:00,CREDIT
T_LU58FTYL,18.52,2025-01-04T17:39:00,TRANSFER
T_V1CCOFH9,1548.6,2025-01-04T17:41:00,TRANSFER
T_RED8U8NO,1394.35,2025-01-04T17:46:00,DEBIT
T_MZ5RGOI9,1267.85,2025-01-04T17:52:00,DEBIT
T_J5CUYDA9,30.09,2025-01-04T17:57:00,DEBIT
T_6U48GWGH,693.77,2025-01-04T18:01:00,CREDIT
T_6Z5GF3BB,1077.49,2025-01-04T18:05:00,DEBIT
T_MGS6RV97,1875.95,2025-01-04T18:14:00,DEBIT
T_YCIF8R2B,121.96,2025-01-04T18:18:00,CREDIT
T_V4DX6UZS,1515.06,2025-01-04T18:21:00,DEBIT
T_1KWONRRL,970.79,2025-01-04T18:28:00,DEBIT
T_KYB3GD60,1144.69,2025-01-04T18:31:00,CREDIT
T_TBKG8B35,1478.39,2025-01-04T18:39:00,TRANSFER
T_Z6D86ZCH,417.44,2025-01-04T18:44:00,TRANSFER
T_HY7AI339,1974.24,2025-01-04T18:46:00,DEBIT
T_BFIY5PU5,1254.25,2025-01-04T18:51:00,CREDIT
T_OA3N4G2J,25.81,2025-01-04T18:58:00,TRANSFER
T_EYCEF2CT,338.9,2025-01-04T19:02:00,CREDIT
T_OTKUDE35,1900.67,2025-01-04T19:09:00,DEBIT
T_9QDI3G13,487.29,2025-01-04T19:14:00,DEBIT
T_P1XS910B,33.35,2025-01-04T19:16:00,DEBIT
T_GQ6CN8SI,1256.29,2025-01-04T19:22:00,CREDIT
T_5CITUF8C,1371.1,2025-01-04T19:28:00,CREDIT
T_Z0LB6YAA,121.54,2025-01-04T19:33:00,CREDIT
T_1BTA3RUN,1372.79,2025-01-04T19:38:00,DEBIT
T_YWM9Q7FT,723.47,2025-01-04T19:41:00,DEBIT
T_8NJF0PKB,823.69,2025-01-04T19:49:00,TRANSFER
T_WHO5QQ8Q,678.91,2025-01-04T19:53:00,TRANSFER
T_IZU802NQ,1725.57,2025-01-04T19:58:00,DEBIT
T_OQTQ685O,402.82,2025-01-04T20:02:00,CREDIT
T_NSGPYNYJ,1493.21,2025-01-04T20:09:00,TRANSFER
T_2HOQ5E7L,1866.38,2025-01-04T20:14:00,CREDIT
T_BDCA75LD,1863.47,2025-01-04T20:17:00,TRANSFER
T_LCWL6QMG,609.96,2025-01-04T20:24:00,TRANSFER
T_FE6OUWZK,1696.75,2025-01-04T20:26:00,TRANSFER
T_Q1ENNGAY,1636.81,2025-01-04T20:33:00,CREDIT
T_688U595C,274.21,2025-01-04T20:37:00,CREDIT
T_D78HWK22,712.65,2025-01-04T20:43:00,TRANSFER
T_PG4GKS6R,1812.1,2025-01-04T20:45:00,CREDIT
T_J9MJ9XXL,67.59,2025-01-04T20:54:00,TRANSFER
T_KHQNZJNN,1027.61,2025-01-04T20:58:00,DEBIT
T_7ZTRJ67D,1334.11,2025-01-04T21:02:00,CREDIT
T_33DCNF22,1728.06,2025-01-04T21:05:00,CREDIT
T_M6CU88WL,1331.55,2025-01-04T21:14:00,TRANSFER
T_H0CD8A2I,104.75,2025-01-04T21:15:00,DEBIT
T_G3ZRZQ0V,1722.49,2025-01-04T21:23:00,TRANSFER
T_GHFT9ZZC,378.16,2025-01-04T21:27:00,TRANSFER
T_4KOXHJMI,18.93,2025-01-04T21:32:00,DEBIT
T_CR6C1PY6,894.63,2025-01-04T21:35:00,DEBIT
T_6ZV8U0LM,1622.88,2025-01-04T21:42:00,DEBIT
T_L9GVBMQQ,1847.27,2025-01-04T21:48:00,DEBIT
T_QF1PAFL9,1266.23,2025-01-04T21:53:00,DEBIT
T_36F8HARJ,399.52,2025-01-04T21:58:00,DEBIT
T_8TIR0P8F,1938.35,2025-01-04T22:00:00,DEBIT
T_ZVFSRHR8,1264.86,2025-01-04T22:07:00,CREDIT
T_PEEK035N,1941.01,2025-01-04T22:10:00,TRANSFER
T_I8Y66W6R,564.66,2025-01-04T22:17:00,CREDIT
T_GELW8IVI,1640.22,2025-01-04T22:23:00,CREDIT
T_L5NFLTQ6,1894.55,2025-01-04T22:27:00,TRANSFER
T_G1ZN1RIA,715.56,2025-01-04T22:34:00,DEBIT
T_JL9VT3X8,1197.19,2025-01-04T22:35:00,DEBIT
T_5SSINZ4K,412.46,2025-01-04T22:42:00,TRANSFER
T_1CQ6FWTV,1518.13,2025-01-04T22:45:00,DEBIT
T_ZQFE8E5T,740.8,2025-01-04T22:52:00,CREDIT
T_WXOL4BKU,1139.22,2025-01-04T22:59:00,TRANSFER
T_R7FDFZDM,717.38,2025-01-04T23:00:00,DEBIT
T_RTSXOF33,899.75,2025-01-04T23:05:00,DEBIT
T_XUB4IBHI,309.5,2025-01-04T23:11:00,CREDIT
T_1YA1RYZT,85.06,2025-01-04T23:19:00,TRANSFER
T_RMC5S3OF,19.66,2025-01-04T23:24:00,DEBIT
T_SFHVMLJE,574.34,2025-01-04T23:25:00,DEBIT
T_SOGB205H,1142.56,2025-01-04T23:32:00,CREDIT
T_VKQXI64H,52.51,2025-01-04T23:35:00,TRANSFER
T_MRZZQO17,962.95,2025-01-04T23:44:00,DEBIT
T_7CDABBAJ,5.02,2025-01-04T23:48:00,DEBIT
T_DNX80NKX,598.45,2025-01-04T23:50:00,TRANSFER
T_Q796EW82,1761.18,2025-01-04T23:58:00,TRANSFER
T_0Q5ZJAUC,1385.14,2025-01-05T00:01:00,TRANSFER
T_BR3O9UBC,1540.22,2025-01-05T00:07:00,CREDIT
T_HJY8GY39,93.03,2025-01-05T00:14:00,DEBIT
T_2Z0KDN3T,749.67,2025-01-05T00:17:00,CREDIT
T_LXOUN91F,1346.95,2025-01-05T00:23:00,CREDIT
T_8DJE7XQT,1362.27,2025-01-05T00:25:00,DEBIT
T_9FMW04U9,1585.59,2025-01-05T00:33:00,TRANSFER
T_ESBDA7XF,457.43,2025-01-05T00:37:00,DEBIT
T_4N7S3HMO,1504.37,2025-01-05T00:40:00,TRANSFER
T_FY1Z682R,1832.11,2025-01-05T00:47:00,TRANSFER
T_3TD3ABEG,1553.26,2025-01-05T00:50:00,TRANSFER
T_PMOZKNHP,1181.43,2025-01-05T00:58:00,CREDIT
T_Y9RMJR21,1540.73,2025-01-05T01:03:00,CREDIT
T_M8RABR6R,1089.75,2025-01-05T01:05:00,TRANSFER
T_WDNMVQLT,1409.56,2025-01-05T01:13:00,TRANSFER
T_AE527PSQ,1395.78,2025-01-05T01:18:00,CREDIT
T_JESGQ4BV,856.33,2025-01-05T01:21:00,TRANSFER
T_IN0XGNKI,1731.8,2025-01-05T01:29:00,DEBIT
T_38EFE9VA,994.81,2025-01-05T01:33:00,TRANSFER
T_YWDRKUPC,529.24,2025-01-05T01:37:00,DEBIT
T_I7EADGHX,1094.11,2025-01-05T01:44:00,DEBIT
T_XUEBHK0O,746.86,2025-01-05T01:49:00,TRANSFER
T_JTK3LIRH,1329.75,2025-01-05T01:53:00,DEBIT
T_NWT2FES5,140.65,2025-01-05T01:59:00,TRANSFER
T_WOW73O1B,644.37,2025-01-05T02:03:00,TRANSFER
T_7OV50EW2,1778.04,2025-01-05T02:06:00,TRANSFER
T_RCVPUZ11,84.7,2025-01-05T02:12:00,DEBIT
T_37KTLL8S,775.26,2025-01-05T02:19:00,CREDIT
T_VXUQDRMS,1264.57,2025-01-05T02:22:00,CREDIT
T_5VI7LIG9,387.73,2025-01-05T02:27:00,CREDIT
T_JPX16F1K,1375.77,2025-01-05T02:32:00,CREDIT
T_HQSE0KIV,1268.72,2025-01-05T02:37:00,TRANSFER
T_RIRJUTFV,508.81,2025-01-05T02:43:00,CREDIT
T_G77Q9VJU,402.38,2025-01-05T02:45:00,DEBIT
T_DPLFE19B,145.21,2025-01-05T02:50:00,CREDIT
T_27YH6UAM,1250.6,2025-01-05T02:57:00,DEBIT
T_HV17MIAV,1525.89,2025-01-05T03:01:00,DEBIT
T_AFUW93EI,815.77,2025-01-05T03:06:00,DEBIT
T_GHDILUVN,430.71,2025-01-05T03:10:00,TRANSFER
T_P0NWNTJ5,985.58,2025-01-05T03:19:00,DEBIT
T_SNPHFC4Y,340.92,2025-01-05T03:23:00,TRANSFER
T_OIKIVQA7,491.93,2025-01-05T03:25:00,DEBIT
T_NMNR06DJ,460.97,2025-01-05T03:32:00,DEBIT
T_HVSTHBNB,461.02,2025-01-05T03:36:00,TRANSFER
T_BC7QK4K6,462.03,2025-01-05T03:42:00,TRANSFER
T_5WU2550K,943.15,2025-01-05T03:48:00,TRANSFER
T_8VC1J2T2,1109.11,2025-01-05T03:52:00,CREDIT
T_7IA41SAS,118.42,2025-01-05T03:56:00,TRANSFER
T_4IVN2QQZ,1428.29,2025-01-05T04:01:00,CREDIT
T_CNAQ2YOT,810.78,2025-01-05T04:09:00,DEBIT
T_2U4OJ7G4,256.85,2025-01-05T04:10:00,TRANSFER
T_4E6NKAR1,435.06,2025-01-05T04:16:00,DEBIT
T_1F2OF66J,801.48,2025-01-05T04:23:00,DEBIT
T_E8IFXDNM,1819.24,2025-01-05T04:28:00,TRANSFER
T_3TB94CLL,1015.9,2025-01-05T04:30:00,TRANSFER
T_UCSWNQMW,697.12,2025-01-05T04:37:00,DEBIT
T_SEPR1B20,1134.87,2025-01-05T04:40:00,TRANSFER
T_LZ0WF1HW,555.14,2025-01-05T04:46:00,TRANSFER
T_8HUP3FTJ,1832.56,2025-01-05T04:50:00,TRANSFER
T_JRCQ97RC,921.91,2025-01-05T04:57:00,CREDIT
T_Q8UT60WL,315.42,2025-01-05T05:04:00,CREDIT
T_V6IARLSR,1449.93,2025-01-05T05:08:00,TRANSFER
T_5DFI25I6,1852.47,2025-01-05T05:14:00,CREDIT
T_OUKIW8X1,1852.62,2025-01-05T05:15:00,DEBIT
T_FRB7EI5R,1916.76,2025-01-05T05:24:00,TRANSFER
T_II2MVV4D,169.21,2025-01-05T05:25:00,TRANSFER
T_672ZFBQB,586.39,2025-01-05T05:32:00,CREDIT
T_ZXDFLD9C,83.83,2025-01-05T05:35:00,TRANSFER
T_O9DVWS3K,134.56,2025-01-05T05:44:00,DEBIT
T_ZDVYB4XZ,1621.49,2025-01-05T05:47:00,CREDIT
T_ZO3I9LLI,301.7,2025-01-05T05:51:00,TRANSFER
T_5F9E0KLL,482.31,2025-01-05T05:58:00,DEBIT
T_X7TV7HRB,317.28,2025-01-05T06:01:00,DEBIT
T_42O3Q825,901.98,2025-01-05T06:07:00,CREDIT
T_L6UZA28O,976.35,2025-01-05T06:12:00,TRANSFER
T_IV86ZP1W,1424.17,2025-01-05T06:19:00,DEBIT
T_R3SHLX0S,1064.08,2025-01-05T06:24:00,CREDIT
T_H10B8VK9,915.59,2025-01-05T06:27:00,DEBIT
T_W2R576VI,633.78,2025-01-05T06:34:00,TRANSFER
T_643YUOAI,447.49,2025-01-05T06:38:00,TRANSFER
T_BC2T67A5,1466.84,2025-01-05T06:42:00,CREDIT
T_9HXKEI9U,660.53,2025-01-05T06:49:00,CREDIT
T_PLIRD70G,588.17,2025-01-05T06:52:00,DEBIT
T_HFD7LTTC,1965.71,2025-01-05T06:55:00,TRANSFER
T_11JG1MS4,1071.51,2025-01-05T07:04:00,TRANSFER
T_KC2MNG80,1822.29,2025-01-05T07:09:00,TRANSFER
T_MSYG91MM,781.61,2025-01-05T07:13:00,TRANSFER
T_3HGW10C9,457.37,2025-01-05T07:18:00,CREDIT
T_LN6BGUAX,748.21,2025-01-05T07:22:00,DEBIT
T_85D4VUEE,991.22,2025-01-05T07:29:00,CREDIT
T_WB4LL3K4,114.55,2025-01-05T07:32:00,CREDIT
T_39K499NR,1478.56,2025-01-05T07:38:00,TRANSFER
T_GDESVDE9,1537.16,2025-01-05T07:42:00,TRANSFER
T_UCBL116C,1427.06,2025-01-05T07:49:00,CREDIT
T_TK61B7PX,541.75,2025-01-05T07:50:00,TRANSFER
T_A6B3ODF7,1790.57,2025-01-05T07:56:00,TRANSFER
T_XU5WAHZG,1914.8,2025-01-05T08:04:00,TRANSFER
T_SJ21GTCH,1335.43,2025-01-05T08:06:00,CREDIT
T_OV6KI4EP,1298.43,2025-01-05T08:13:00,TRANSFER
T_GJEGXEYE,85.21,2025-01-05T08:16:00,CREDIT
T_YEH8UXZ3,32.45,2025-01-05T08:20:00,DEBIT
T_FXEN9NSJ,1327.92,2025-01-05T08:26:00,TRANSFER
T_54XR8PJP,321.42,2025-01-05T08:30:00,CREDIT
T_HDKKG1R1,135.26,2025-01-05T08:38:00,DEBIT
T_QYJROFH6,39.21,2025-01-05T08:41:00,CREDIT
T_9TXFJNJD,1724.69,2025-01-05T08:49:00,DEBIT
T_C8D6JI87,1712.42,2025-01-05T08:54:00,CREDIT
T_RTFA11PM,964.63,2025-01-05T08:56:00,TRANSFER
T_1J2VWY8U,716.99,2025-01-05T09:03:00,DEBIT
T_IBMQIMI8,37.78,2025-01-05T09:05:00,TRANSFER
T_I5HO9CY9,885.36,2025-01-05T09:11:00,TRANSFER
T_DJ7O9X66,191.5,2025-01-05T09:16:00,CREDIT
T_JV07IRJG,1515.87,2025-01-05T09:20:00,DEBIT
T_OLDU7JPM,717.01,2025-01-05T09:28:00,CREDIT
T_09UYG3IB,362.89,2025-01-05T09:31:00,TRANSFER
T_CQWB00N1,1523.38,2025-01-05T09:38:00,TRANSFER
T_6RANTY6D,1530.01,2025-01-05T09:41:00,TRANSFER
T_PZFZZ5T6,1185.41,2025-01-05T09:49:00,DEBIT
T_3VXHQG4Q,634.88,2025-01-05T09:54:00,TRANSFER
T_1AONT75E,1390.56,2025-01-05T09:55:00,TRANSFER
T_8ER6U0ES,1080.36,2025-01-05T10:01:00,TRANSFER
T_SV5ITMTJ,667.49,2025-01-05T10:06:00,TRANSFER
T_4H2HWSWC,1443.24,2025-01-05T10:14:00,TRANSFER
T_QY9MBAAX,53.29,2025-01-05T10:15:00,TRANSFER
T_0WCYR2P6,1296.86,2025-01-05T10:20:00,CREDIT
T_Z9LY2SKK,322.75,2025-01-05T10:29:00,TRANSFER
T_TKS1F3KW,89.71,2025-01-05T10:33:00,DEBIT
T_QBBX5NWD,1449.18,2025-01-05T10:37:00,CREDIT
T_UIFJILXN,1644.05,2025-01-05T10:44:00,DEBIT
T_ZWBHO4UW,1574.11,2025-01-05T10:45:00,CREDIT
T_7GCJBEO4,252.91,2025-01-05T10:54:00,CREDIT
T_WJ4G8R7S,759.29,2025-01-05T10:56:00,CREDIT
T_JFCZWKGU,1340.64,2025-01-05T11:02:00,DEBIT
T_IPZN0THL,1557.7,2025-01-05T11:05:00,DEBIT
T_O8WF8NK5,377.25,2025-01-05T11:11:00,CREDIT
T_TGG50YQL,1585.23,2025-01-05T11:17:00,CREDIT
T_S710NUSG,1964.69,2025-01-05T11:22:00,CREDIT
T_3CYBYC4I,1833.39,2025-01-05T11:26:00,DEBIT
T_JLZOHFDD,1201.71,2025-01-05T11:34:00,DEBIT
T_EB9IDYRE,1289.84,2025-01-05T11:36:00,TRANSFER
T_BCD11R89,195.14,2025-01-05T11:44:00,DEBIT
T_56AG39BD,1558.37,2025-01-05T11:45:00,CREDIT
T_SAYMWR03,1194.16,2025-01-05T11:53:00,TRANSFER
T_HN2ECLCE,1054.29,2025-01-05T11:59:00,DEBIT
T_IOR4V1OG,1447.29,2025-01-05T12:01:00,CREDIT
T_CQMPD7Z4,591.43,2025-01-05T12:09:00,CREDIT
T_3W2MROP2,97.49,2025-01-05T12:10:00,TRANSFER
T_2ABG9SHO,1769.66,2025-01-05T12:15:00,TRANSFER
T_QL0DGH6M,1635.71,2025-01-05T12:24:00,CREDIT
T_DWR1XFHS,531.25,2025-01-05T12:25:00,TRANSFER
T_T292MI56,1474.63,2025-01-05T12:34:00,TRANSFER
T_IN0BYQYV,99.75,2025-01-05T12:37:00,CREDIT
T_2KGA99UF,1513.66,2025-01-05T12:44:00,CREDIT
T_W35X3X10,1353.44,2025-01-05T12:48:00,TRANSFER
T_F2UWUFUK,1545.74,2025-01-05T12:52:00,CREDIT
T_HGGG23KF,1938.37,2025-01-05T12:58:00,CREDIT
T_WAUFXQP6,1285.66,2025-01-05T13:01:00,CREDIT
T_70SHYVNI,1900.38,2025-01-05T13:06:00,CREDIT
T_A3KAMOX9,1804.99,2025-01-05T13:14:00,CREDIT
T_T4FVMYPJ,1568.28,2025-01-05T13:18:00,CREDIT
T_W7HU3D35,1534.15,2025-01-05T13:24:00,DEBIT
T_1JGJTI2L,1020.52,2025-01-05T13:25:00,TRANSFER
T_1AYSV6O9,237.98,2025-01-05T13:33:00,CREDIT
T_Y3M84BCT,1226.07,2025-01-05T13:37:00,TRANSFER
T_C0BOGWHU,889.41,2025-01-05T13:43:00,CREDIT
T_NWJ6PVOC,1886.15,2025-01-05T13:46:00,CREDIT
T_OEEA20RW,950.91,2025-01-05T13:53:00,TRANSFER
T_7C1A7YJ8,400.89,2025-01-05T13:58:00,TRANSFER
T_8LZGM8DT,162.91,2025-01-05T14:00:00,TRANSFER
T_FDVAE1IS,1340.92,2025-01-05T14:06:00,DEBIT
T_9NGQ6TLV,1453.34,2025-01-05T14:11:00,CREDIT
T_5KB3PKBQ,1365.69,2025-01-05T14:15:00,DEBIT
T_760RS6C4,1279.93,2025-01-05T14:23:00,CREDIT
T_DGS9GT0R,1463.8,2025-01-05T14:29:00,DEBIT
T_5I3IEST9,819.81,2025-01-05T14:32:00,TRANSFER
T_8A2VZPY9,909.88,2025-01-05T14:35:00,DEBIT
T_6S34A1NF,1319.53,2025-01-05T14:41:00,TRANSFER
T_LF9YXAM9,1874.43,2025-01-05T14:47:00,DEBIT
T_CX7CULOQ,1190.37,2025-01-05T14:50:00,CREDIT
T_YIWT258E,1837.58,2025-01-05T14:57:00,TRANSFER
T_I4PZZJ8X,599.78,2025-01-05T15:04:00,DEBIT
T_SWXKQTQ3,1826.27,2025-01-05T15:08:00,TRANSFER
T_ITQRT8G7,906.75,2025-01-05T15:13:00,TRANSFER
T_W9RTNFW6,1014.08,2025-01-05T15:16:00,TRANSFER
T_H9BXLSOG,1252.27,2025-01-05T15:21:00,DEBIT
T_5X51O0LQ,81.44,2025-01-05T15:25:00,TRANSFER
T_G04JGSQO,285.01,2025-01-05T15:34:00,DEBIT
T_WETUJO55,393.16,2025-01-05T15:39:00,TRANSFER
T_JY6G107G,1890.32,2025-01-05T15:43:00,TRANSFER
T_8HZMVYD4,1879.46,2025-01-05T15:45:00,CREDIT
T_N8RJN4LV,1513.2,2025-01-05T15:52:00,DEBIT
T_LW563C36,1200.01,2025-01-05T15:56:00,TRANSFER
T_ZUJB4HLL,910.09,2025-01-05T16:02:00,DEBIT
T_0N53R4SI,855.37,2025-01-05T16:07:00,TRANSFER
T_8F52K1D1,358.76,2025-01-05T16:13:00,CREDIT
T_VRC0ERJE,1690.18,2025-01-05T16:19:00,CREDIT
T_O67U61O8,1728.75,2025-01-05T16:24:00,CREDIT
T_QPKGRMM0,1340.28,2025-01-05T16:29:00,CREDIT
T_PN524KSK,1230.69,2025-01-05T16:30:00,TRANSFER
T_9A7ABFLX,1174.73,2025-01-05T16:36:00,TRANSFER
T_55325CAM,72.41,2025-01-05T16:41:00,CREDIT
T_0YKKSWNW,1434.89,2025-01-05T16:46:00,DEBIT
T_HQWP8XFA,735.76,2025-01-05T16:54:00,CREDIT
T_NH8S2GT3,1475.41,2025-01-05T16:56:00,TRANSFER
T_F4AKDNAD,493.27,2025-01-05T17:02:00,DEBIT
T_TMT1OZXG,365.43,2025-01-05T17:07:00,DEBIT
T_0NWRN57L,1239.13,2025-01-05T17:14:00,CREDIT
T_6T0OTGPE,940.2,2025-01-05T17:15:00,DEBIT
T_PZHUUG4B,367.67,2025-01-05T17:21:00,CREDIT
T_HOGDPL4C,609.88,2025-01-05T17:29:00,CREDIT
T_FXZIU6HU,619.58,2025-01-05T17:33:00,TRANSFER
T_Q0RFOIAL,1731.54,2025-01-05T17:39:00,DEBIT
T_E6V4UAUP,328.37,2025-01-05T17:42:00,TRANSFER
T_QSRER6LU,1118.83,2025-01-05T17:49:00,TRANSFER
T_31D2O25T,350.67,2025-01-05T17:50:00,DEBIT
T_V75SSUMH,1481.26,2025-01-05T17:57:00,CREDIT
T_IT72723B,39.59,2025-01-05T18:02:00,TRANSFER
T_CU2LQM58,1744.65,2025-01-05T18:09:00,TRANSFER
T_XG770XDH,557.98,2025-01-05T18:14:00,TRANSFER
T_HAOQHVD8,294.64,2025-01-05T18:15:00,CREDIT
T_EF578O1F,234.76,2025-01-05T18:20:00,TRANSFER
T_D6BWBEM0,1060.66,2025-01-05T18:28:00,TRANSFER
T_0HKGNHAG,1303.0,2025-01-05T18:32:00,CREDIT
T_2GDAUOS7,1720.39,2025-01-05T18:39:00,CREDIT
T_VNA3G49M,764.09,2025-01-05T18:40:00,CREDIT
T_2HYVEZRA,198.85,2025-01-05T18:48:00,TRANSFER
T_PMLNL7HA,1883.32,2025-01-05T18:51:00,TRANSFER
T_BEWRUKFW,889.01,2025-01-05T18:55:00,DEBIT
T_AIEKX6MJ,1728.79,2025-01-05T19:00:00,TRANSFER
T_KIEW6OR6,1281.48,2025-01-05T19:07:00,DEBIT
T_WNV2MK48,506.31,2025-01-05T19:10:00,TRANSFER
T_QABCE2EH,1613.16,2025-01-05T19:18:00,CREDIT
T_O1DFSTS3,1342.04,2025-01-05T19:23:00,TRANSFER
T_5DMCDSOD,112.5,2025-01-05T19:26:00,DEBIT
T_5NTJK2GZ,54.46,2025-01-05T19:34:00,DEBIT
T_4YQZVRHU,670.86,2025-01-05T19:36:00,CREDIT
T_37746PFM,132.83,2025-01-05T19:41:00,TRANSFER
T_ACJOD8WA,140.28,2025-01-05T19:45:00,TRANSFER
T_XEJAXVT7,140.55,2025-01-05T19:54:00,CREDIT
T_ZULYZLGJ,1219.65,2025-01-05T19:55:00,CREDIT
T_VR62TRIC,929.18,2025-01-05T20:03:00,CREDIT
T_NUKONDHK,102.96,2025-01-05T20:08:00,CREDIT
T_31PHYSVK,1139.08,2025-01-05T20:10:00,CREDIT
T_C3J548FH,106.71,2025-01-05T20:18:00,CREDIT
T_DBFXA2WD,1862.12,2025-01-05T20:24:00,TRANSFER
T_ZWSS9V66,171.58,2025-01-05T20:28:00,TRANSFER
T_SVKXB3CT,801.01,2025-01-05T20:32:00,DEBIT
T_1Q5MS7UP,1016.16,2025-01-05T20:38:00,TRANSFER
T_3JBRRD44,763.6,2025-01-05T20:40:00,DEBIT
T_1Y7SR3JF,1342.47,2025-01-05T20:49:00,CREDIT
T_1U97RWJV,462.53,2025-01-05T20:50:00,DEBIT
T_2PMB6XGK,1788.06,2025-01-05T20:59:00,CREDIT
T_ND7U4XXG,1281.8,2025-01-05T21:04:00,DEBIT
T_4NTZ7PJS,307.62,2025-01-05T21:08:00,TRANSFER
T_DF9M13OT,254.49,2025-01-05T21:14:00,CREDIT
T_JOZIBP9O,306.92,2025-01-05T21:19:00,DEBIT
T_PWCKH3V1,1450.92,2025-01-05T21:22:00,CREDIT
T_395ZDHZ6,686.75,2025-01-05T21:26:00,TRANSFER
T_UDL3AF6K,607.67,2025-01-05T21:31:00,DEBIT
T_PX5ZJ2O4,942.74,2025-01-05T21:38:00,CREDIT
T_EJT1WT80,1733.27,2025-01-05T21:43:00,CREDIT
T_CJS924W7,1255.05,2025-01-05T21:47:00,CREDIT
T_T2I9OWP7,765.42,2025-01-05T21:52:00,CREDIT
T_LV92BEEV,365.26,2025-01-05T21:58:00,DEBIT
T_NZMCCYC3,1077.95,2025-01-05T22:04:00,DEBIT
T_I9XDULVN,20.32,2025-01-05T22:05:00,CREDIT
T_KETUGKNN,1731.04,2025-01-05T22:14:00,CREDIT
T_OLPF37L5,982.61,2025-01-05T22:18:00,DEBIT
T_U2LLH22B,266.06,2025-01-05T22:22:00,DEBIT
T_NEW1MKDW,1209.28,2025-01-05T22:27:00,TRANSFER
T_ZYFGGK82,859.22,2025-01-05T22:33:00,CREDIT
T_O1WODGZD,748.16,2025-01-05T22:39:00,DEBIT
T_X9A6TDV9,964.99,2025-01-05T22:43:00,CREDIT
T_CU5M767J,274.15,2025-01-05T22:48:00,DEBIT
T_3C07BTI1,960.05,2025-01-05T22:51:00,DEBIT
T_05TQM3G9,1896.24,2025-01-05T22:56:00,DEBIT
T_U1S5N18B,1353.26,2025-01-05T23:03:00,DEBIT
T_KQ054CFG,1869.64,2025-01-05T23:08:00,DEBIT
T_10R709Q6,799.3,2025-01-05T23:11:00,TRANSFER
T_X0RB5TNG,150.19,2025-01-05T23:18:00,DEBIT
T_T2C283JZ,392.75,2025-01-05T23:23:00,CREDIT
T_ZSFWI45A,1716.39,2025-01-05T23:25:00,CREDIT
T_ORK64MGJ,1834.0,2025-01-05T23:32:00,DEBIT
T_3HTNCVHZ,1107.18,2025-01-05T23:35:00,CREDIT
T_60LXET8S,514.64,2025-01-05T23:44:00,CREDIT
T_UPVSF5YC,1986.45,2025-01-05T23:47:00,DEBIT
T_4D4YJI35,1973.06,2025-01-05T23:54:00,CREDIT
T_GEHUIQSI,1585.74,2025-01-05T23:56:00,TRANSFER
T_RO37U9SS,103.51,2025-01-06T00:04:00,CREDIT
T_FBEGGACS,925.31,2025-01-06T00:08:00,TRANSFER
T_SWYU2RNA,171.8,2025-01-06T00:12:00,TRANSFER
T_DC06KLI7,1181.32,2025-01-06T00:15:00,DEBIT
T_14XHL5V3,1581.26,2025-01-06T00:20:00,TRANSFER
T_9Q16A3KL,1485.68,2025-01-06T00:28:00,DEBIT
T_AYP9YPDA,1296.37,2025-01-06T00:32:00,DEBIT
T_D49IK3TD,1230.17,2025-01-06T00:39:00,DEBIT
T_BWNUHPHT,758.95,2025-01-06T00:44:00,CREDIT
T_NQAIPT6U,947.59,2025-01-06T00:48:00,CREDIT
T_NVGQCQNY,477.31,2025-01-06T00:50:00,TRANSFER
T_Z9Q8SU5N,608.94,2025-01-06T00:55:00,CREDIT
T_76NFCQML,1914.89,2025-01-06T01:03:00,DEBIT
T_D0RNGCT2,1291.74,2025-01-06T01:06:00,DEBIT
T_V7PGF7MV,901.31,2025-01-06T01:12:00,CREDIT
T_6DTYN4BP,1014.07,2025-01-06T01:15:00,CREDIT
T_5RAU7BWH,1409.73,2025-01-06T01:22:00,DEBIT
T_G3K59S7V,1775.41,2025-01-06T01:27:00,TRANSFER
T_S83GYZIE,842.27,2025-01-06T01:33:00,CREDIT
T_1AC27X1C,236.76,2025-01-06T01:37:00,TRANSFER
T_Q39XLP0B,728.64,2025-01-06T01:43:00,TRANSFER
T_HBCPLA8J,1402.82,2025-01-06T01:45:00,CREDIT
T_ULK3FUQV,1148.3,2025-01-06T01:53:00,DEBIT
T_KQE4DWZ7,1954.92,2025-01-06T01:56:00,DEBIT
T_H11BLF1X,809.55,2025-01-06T02:01:00,TRANSFER
T_H52MJ13M,1837.2,2025-01-06T02:08:00,CREDIT
T_JTBPGT99,1782.54,2025-01-06T02:14:00,CREDIT
T_8LI72W4O,280.11,2025-01-06T02:15:00,DEBIT
T_37ZOQMC8,323.11,2025-01-06T02:24:00,TRANSFER
T_VTL1DRZ0,1333.83,2025-01-06T02:29:00,TRANSFER
T_89QSNVYF,1611.86,2025-01-06T02:33:00,CREDIT
T_ZGAZNI37,1398.77,2025-01-06T02:35:00,CREDIT
T_CEPL2U5C,320.03,2025-01-06T02:43:00,CREDIT
T_LM576M2Y,1178.46,2025-01-06T02:48:00,CREDIT
T_BK8R1Z4Q,1103.74,2025-01-06T02:52:00,CREDIT
T_NBI1CAO8,1245.97,2025-01-06T02:57:00,CREDIT
T_6EJEBHBW,1944.75,2025-01-06T03:02:00,TRANSFER
T_W689MW68,721.55,2025-01-06T03:06:00,DEBIT
T_FNCC8UUX,798.58,2025-01-06T03:13:00,CREDIT
T_NPJ269SY,254.99,2025-01-06T03:16:00,CREDIT
T_KU8NIARN,1696.89,2025-01-06T03:21:00,DEBIT
T_FMAR9LEO,575.31,2025-01-06T03:28:00,CREDIT
T_CG8ZF2L4,144.14,2025-01-06T03:30:00,CREDIT
T_64BIW8UO,510.29,2025-01-06T03:35:00,TRANSFER
T_DOHE7KY8,1847.44,2025-01-06T03:43:00,DEBIT
T_U9Q44DVV,849.88,2025-01-06T03:46:00,DEBIT
T_IY525FNS,160.09,2025-01-06T03:53:00,DEBIT
T_VAQDMFZT,365.96,2025-01-06T03:58:00,CREDIT
T_20GM62S6,1446.96,2025-01-06T04:02:00,CREDIT
T_1SHNTCVL,1500.5,2025-01-06T04:08:00,TRANSFER
T_NSZ117R1,1400.23,2025-01-06T04:11:00,TRANSFER
T_7SU62J8L,111.57,2025-01-06T04:15:00,CREDIT
T_1FBTWTW4,461.13,2025-01-06T04:21:00,TRANSFER
T_K9X0740C,1948.01,2025-01-06T04:27:00,CREDIT
T_ZY00EW9J,1430.22,2025-01-06T04:31:00,TRANSFER
T_PM7ZDNG6,1519.81,2025-01-06T04:39:00,TRANSFER
T_BJHY3M2I,1657.21,2025-01-06T04:43:00,DEBIT
T_VVI1YX9D,1366.86,2025-01-06T04:45:00,DEBIT
T_V4F0TE2J,1685.08,2025-01-06T04:54:00,DEBIT
T_OFC57PAC,814.7,2025-01-06T04:57:00,DEBIT
T_Q16NZ7DS,790.46,2025-01-06T05:02:00,TRANSFER
T_22KB8OHL,1541.57,2025-01-06T05:06:00,CREDIT
T_KVGG4NP4,181.48,2025-01-06T05:11:00,DEBIT
T_X707TLYD,1031.8,2025-01-06T05:19:00,CREDIT
T_08VYDWOX,1450.09,2025-01-06T05:20:00,CREDIT
T_NHU25Z8K,924.56,2025-01-06T05:26:00,DEBIT
T_TIJH33IC,1669.74,2025-01-06T05:34:00,DEBIT
T_9J52OYYR,1593.15,2025-01-06T05:38:00,CREDIT
T_2J16W8MI,744.58,2025-01-06T05:43:00,DEBIT
T_01N3P6EG,574.67,2025-01-06T05:45:00,CREDIT
T_U777LDM1,1193.91,2025-01-06T05:52:00,DEBIT
T_KQE7A5JI,1554.95,2025-01-06T05:59:00,TRANSFER
T_E3BYJTH2,319.04,2025-01-06T06:03:00,TRANSFER
T_5H3QOXQD,1815.38,2025-01-06T06:05:00,TRANSFER
T_0RTMG7C0,896.04,2025-01-06T06:14:00,DEBIT
T_N8K6P62J,1689.06,2025-01-06T06:18:00,TRANSFER
T_XFX3AT25,1641.61,2025-01-06T06:21:00,DEBIT
T_UOLGQE6X,98.05,2025-01-06T06:27:00,TRANSFER
T_TA7LS9B7,970.27,2025-01-06T06:31:00,CREDIT
T_GQ4HPVIU,1584.56,2025-01-06T06:36:00,DEBIT
T_YRFBENMZ,1038.6,2025-01-06T06:43:00,TRANSFER
T_VG042MZ8,707.74,2025-01-06T06:46:00,TRANSFER
T_X1PZGSVA,730.36,2025-01-06T06:53:00,CREDIT
T_2HMEPDMB,797.21,2025-01-06T06:55:00,CREDIT
T_GV2ESF4N,201.85,2025-01-06T07:03:00,TRANSFER
T_M43T6UU8,1413.64,2025-01-06T07:08:00,CREDIT
T_PZJ42RL1,266.39,2025-01-06T07:11:00,TRANSFER
T_87SW1K9M,1980.83,2025-01-06T07:19:00,TRANSFER
T_9WG0MCG5,1985.84,2025-01-06T07:22:00,TRANSFER
T_6I62R2CX,1065.49,2025-01-06T07:27:00,DEBIT
T_J3AYIUKE,1125.56,2025-01-06T07:31:00,TRANSFER
T_HNOC2XI3,949.69,2025-01-06T07:37:00,DEBIT
T_JRNJCGWC,177.52,2025-01-06T07:42:00,TRANSFER
T_7MPA7DZV,426.98,2025-01-06T07:47:00,DEBIT
T_2C23AG9X,146.89,2025-01-06T07:53:00,TRANSFER
T_DL7U1P8O,1066.3,2025-01-06T07:58:00,DEBIT
T_RCP6I29G,878.51,2025-01-06T08:03:00,CREDIT
T_8Z8TRTM4,1872.26,2025-01-06T08:09:00,CREDIT
T_ED1LG8Y2,1275.68,2025-01-06T08:11:00,TRANSFER
T_FVMAM3JK,1281.97,2025-01-06T08:17:00,DEBIT
T_APUOLXPO,1146.93,2025-01-06T08:24:00,DEBIT
T_7PH6P9JL,50.99,2025-01-06T08:26:00,DEBIT
T_QB09UW8P,224.27,2025-01-06T08:34:00,CREDIT
T_ZIHZVZGM,327.22,2025-01-06T08:36:00,DEBIT
T_PICLKS44,1528.08,2025-01-06T08:44:00,DEBIT
T_OPKLJ670,618.25,2025-01-06T08:47:00,TRANSFER
T_WO7V1IZ4,555.2,2025-01-06T08:53:00,DEBIT
T_JOA14ZGI,1188.68,2025-01-06T08:59:00,DEBIT
T_R79YT1S4,542.87,2025-01-06T09:01:00,TRANSFER
T_1QCG41RK,1703.99,2025-01-06T09:07:00,TRANSFER
T_2NRV4EIB,559.88,2025-01-06T09:13:00,DEBIT
T_FVU3F0ME,234.02,2025-01-06T09:18:00,DEBIT
T_MZOLMYQA,1880.14,2025-01-06T09:20:00,CREDIT
T_JMKJLNDI,1086.37,2025-01-06T09:27:00,TRANSFER
T_6GO70BIL,589.05,2025-01-06T09:32:00,DEBIT
T_AIQUSY2O,1644.0,2025-01-06T09:35:00,TRANSFER
T_9XZ6UK18,310.22,2025-01-06T09:40:00,CREDIT
T_6CJ9K4CI,1588.91,2025-01-06T09:47:00,TRANSFER
T_U7PMQM57,323.17,2025-01-06T09:51:00,TRANSFER
T_2AALUDHA,48.82,2025-01-06T09:56:00,DEBIT
T_CYYPQ7A4,288.28,2025-01-06T10:03:00,CREDIT
T_3I0GXHC6,1820.92,2025-01-06T10:09:00,CREDIT
T_RIHZ8EEK,140.86,2025-01-06T10:14:00,CREDIT
T_AQFF2K5C,1629.58,2025-01-06T10:18:00,DEBIT
T_Q1D7XYLJ,216.21,2025-01-06T10:24:00,TRANSFER
T_NXI5P2QF,1014.05,2025-01-06T10:25:00,TRANSFER
T_B82MOTZ6,1450.79,2025-01-06T10:31:00,TRANSFER
T_GU72DD9E,918.49,2025-01-06T10:39:00,TRANSFER
T_9T30B69C,1710.84,2025-01-06T10:43:00,DEBIT
T_WIFD8WZG,640.09,2025-01-06T10:45:00,DEBIT
T_680IUGA4,303.56,2025-01-06T10:50:00,DEBIT
T_L3VX4GH0,1386.25,2025-01-06T10:56:00,TRANSFER
T_P6ASSSUL,545.57,2025-01-06T11:00:00,TRANSFER
T_WNSMW5GY,996.19,2025-01-06T11:09:00,CREDIT
T_PXF50OJQ,998.53,2025-01-06T11:12:00,TRANSFER
T_UACOTFVA,740.93,2025-01-06T11:16:00,TRANSFER
T_C781HFL1,1403.76,2025-01-06T11:23:00,TRANSFER
T_Y3XGWK1G,865.77,2025-01-06T11:25:00,DEBIT
T_SXTDHDX1,85.69,2025-01-06T11:32:00,CREDIT
T_I4CXGF8G,157.16,2025-01-06T11:37:00,CREDIT
T_ENFPPRO6,212.44,2025-01-06T11:44:00,TRANSFER
T_UCLLE4A2,359.43,2025-01-06T11:49:00,DEBIT
T_R3S18WK5,1499.12,2025-01-06T11:50:00,CREDIT
T_HXEF73GG,39.13,2025-01-06T11:55:00,TRANSFER
T_JH9KRS51,1401.54,2025-01-06T12:00:00,TRANSFER
T_Q3OV9JYD,325.96,2025-01-06T12:06:00,TRANSFER
T_C5PAYGAA,1872.81,2025-01-06T12:11:00,CREDIT
T_O5AWLGIT,473.71,2025-01-06T12:15:00,DEBIT
T_74WXUWCO,1396.53,2025-01-06T12:21:00,DEBIT
T_II49H5VN,1580.26,2025-01-06T12:26:00,TRANSFER
T_6CMEWT33,807.97,2025-01-06T12:33:00,DEBIT
T_T8D9GX2H,455.09,2025-01-06T12:39:00,TRANSFER
T_40I6QV4T,654.11,2025-01-06T12:40:00,DEBIT
T_NXPWNUA6,1078.76,2025-01-06T12:45:00,CREDIT
T_1WQQOQSD,1940.02,2025-01-06T12:53:00,CREDIT
T_IYMR0AZ0,1404.48,2025-01-06T12:58:00,DEBIT
T_T1WM3EQL,1016.92,2025-01-06T13:04:00,TRANSFER
T_VYWAPKE5,49.84,2025-01-06T13:07:00,CREDIT
T_WP9K1UOA,12.68,2025-01-06T13:14:00,DEBIT
T_JMWUOCS2,1604.96,2025-01-06T13:17:00,TRANSFER
T_KQ7MOU3D,764.74,2025-01-06T13:24:00,CREDIT
T_L2FX35LG,1672.21,2025-01-06T13:25:00,TRANSFER
T_BOT6ATJ4,720.35,2025-01-06T13:30:00,TRANSFER
T_TT52LK3T,1239.61,2025-01-06T13:38:00,DEBIT
T_9TO5A7QN,30.39,2025-01-06T13:40:00,TRANSFER
T_Z1OV5VXA,1936.64,2025-01-06T13:47:00,DEBIT
T_JU39X6KQ,108.31,2025-01-06T13:53:00,CREDIT
T_EQOXBE1P,1777.67,2025-01-06T13:55:00,TRANSFER
T_EVBRX8U7,5727.75,2025-01-06T14:07:00,TRANSFER
T_7N2ELMV5,4705.39,2025-01-06T14:13:00,TRANSFER
T_7GVLHWXP,4544.1,2025-01-06T14:18:00,TRANSFER
T_6KK2NIPG,5772.15,2025-01-06T14:21:00,TRANSFER
T_8K0HF36C,5611.53,2025-01-06T14:28:00,TRANSFER
T_GD572I2F,5954.87,2025-01-06T14:33:00,TRANSFER
T_1TTIMLYT,4756.45,2025-01-06T14:39:00,TRANSFER
T_G4F4DESR,5422.42,2025-01-06T14:43:00,TRANSFER
T_WNVJQJIN,4822.24,2025-01-06T14:46:00,TRANSFER
T_504K34EU,5553.49,2025-01-06T14:54:00,TRANSFER
T_J4VBISBH,5294.78,2025-01-06T14:58:00,TRANSFER
T_2YIX79PB,5211.65,2025-01-06T15:04:00,TRANSFER
T_RRA3PLCG,3667.76,2025-01-06T15:07:00,TRANSFER
T_3HLI32BS,4295.22,2025-01-06T15:12:00,TRANSFER
T_RK5R0PNF,4213.61,2025-01-06T15:19:00,TRANSFER
T_I3EVJN2J,4359.05,2025-01-06T15:20:00,TRANSFER
T_U2YETTRU,3796.94,2025-01-06T15:26:00,TRANSFER
T_VXKKXO0S,3775.05,2025-01-06T15:34:00,TRANSFER
T_4WQNG6N1,3735.42,2025-01-06T15:39:00,TRANSFER
T_S804BFPV,4096.69,2025-01-06T15:44:00,TRANSFER
T_XWCETGV4,4348.07,2025-01-06T15:48:00,TRANSFER
T_LUK87322,3309.17,2025-01-06T15:53:00,TRANSFER
